speaker_id,recording_id,geometry,unique_cutpoint_count,inside_phone_count,inside_phone_rate,depth_gt_20ms_count,depth_gt_50ms_count,depth_gt_100ms_count,depth_gt_20ms_rate,depth_gt_50ms_rate,depth_gt_100ms_rate,edge_occurrence_count,edge_inside_phone_count,edge_inside_phone_rate,edge_depth_gt_20ms_count,edge_depth_gt_50ms_count,edge_depth_gt_100ms_count,edge_depth_gt_20ms_rate,edge_depth_gt_50ms_rate,edge_depth_gt_100ms_rate,eligible_target_speech_sec,retained_target_speech_sec,speech_coverage,emitted_audio_sec,clip_count,mean_clip_duration_sec,geometry_fingerprint,policy_fingerprint,vad_observation_count,vad_timestamp_sha256,vad_probability_sha256,candidate_cutpoint_sha256,selected_cutpoint_sha256,selected_clip_sha256,elapsed_sec,workdir,vad_compute_count,feature_bundle_id,vad_compute_sec,policy_eval_sec
s01,s0101b,A_O50_8,61,12,0.19672131147540983,7,1,0,0.11475409836065574,0.01639344262295082,0.0,62,13,0.20967741935483872,7,1,0,0.11290322580645161,0.016129032258064516,0.0,209.11561500000002,146.16466499999984,0.6989658089377966,160.66400000000013,31,5.182709677419359,72ea8093df3fb11222b7291a784e2272246d6349ad6d5da63900e79412997498,7742f46ba78ed9fa88c087d5ec69553ce3988bd974cf12b77459f3fa28b99e2d,69829,b5f8a95b25d461ec3215edf05f53a64020c432b08d7f50d8cefb5751856aba9b,384a554710434280e25c770cc87360cb0d79a3166be9cd62ec7f621d1a8f1c9b,835a283ac8a08d15a2c476ee85cc1038028df075c42b92849fa378efb48602be,fde371348ffd3e0de0343f96160d7e7ec8b17b02029203168bb09da0d9d03b61,6694f87bbf9bec0d96aa648a36a3c853910f2b919a606e785e1a7ee36fa5ab25,0.047348,/tmp/buckeye_slicer_A_O50_8_je1576d5,1,46d77d1574b741f89d53cb27135f868f,7.206823868999891,0.047348338999654516
s01,s0101b,O25_4_CURRENT,59,10,0.1694915254237288,4,1,0,0.06779661016949153,0.01694915254237288,0.0,60,10,0.16666666666666666,4,1,0,0.06666666666666667,0.016666666666666666,0.0,209.11561500000002,138.33045599999988,0.6615022794926141,152.244,30,5.0748,5c718a3fdc193cf92e8babe55085d9a6c49c09e1bb11c69c0d3e71192acf39c2,7190f16fba4255cc411975b9a2309f08defcc24e3037f27047a34649a5c886c2,139658,ab91a53220904c729eba6f2b4508bc5eb537415a15619e2bd9f6dc755686c64a,d5c0cc36494cec66400e90f4f9b9ac285361a8c684e8b20c9c5ee6484d9ade54,1bd14ce4c5f67d2fb21777d94e8a5a56097fb455384b65c1e209912dd015d8fe,9fa8643b6b061a68f84045aaf60bfd71b4ce0a1133f4ea53c8e1e7b407c8cd58,6db0490f3b1917dce995d8fdf1cbe1a445c222dc4ccd8e65285ef8064675cab5,0.003419,/tmp/buckeye_slicer_O25_4_CURRENT_family_xx3htd3g,1,4019aad0db5944dc86c9267e4cfc7f99,12.831859478999831,0.00341900999956124
s01,s0101b,O25_4_RMS_PROMINENCE,60,12,0.2,5,0,0,0.08333333333333333,0.0,0.0,62,12,0.1935483870967742,5,0,0,0.08064516129032258,0.0,0.0,209.11561500000002,138.30966599999988,0.6614028608050139,152.06400000000002,31,4.905290322580646,5c718a3fdc193cf92e8babe55085d9a6c49c09e1bb11c69c0d3e71192acf39c2,6eed34bc0e41975aea787aa6cca11730513d270fe247ebfd1ffa9ac358a71ee8,139658,ab91a53220904c729eba6f2b4508bc5eb537415a15619e2bd9f6dc755686c64a,d5c0cc36494cec66400e90f4f9b9ac285361a8c684e8b20c9c5ee6484d9ade54,1bd14ce4c5f67d2fb21777d94e8a5a56097fb455384b65c1e209912dd015d8fe,56de79df8a2c6b36074a991ca920509ab9c6f70e890a10a9570cdf1566bef2a7,19b2c307f832730222063d9a330e035e81929ecfe3bf315052ce82acaa190bb7,1.787879,/tmp/buckeye_slicer_O25_4_CURRENT_family_xx3htd3g,0,4019aad0db5944dc86c9267e4cfc7f99,,1.7878787780000494
s01,s0101b,O25_4_MULTISCALE_RMS,60,12,0.2,6,1,0,0.1,0.016666666666666666,0.0,62,12,0.1935483870967742,6,1,0,0.0967741935483871,0.016129032258064516,0.0,209.11561500000002,138.39008799999988,0.6617874423198854,152.31599999999997,31,4.913419354838709,5c718a3fdc193cf92e8babe55085d9a6c49c09e1bb11c69c0d3e71192acf39c2,8517088134ad6c26fbf0bd840f9a2b032305c7e1ef488de19088c30177922e1e,139658,ab91a53220904c729eba6f2b4508bc5eb537415a15619e2bd9f6dc755686c64a,d5c0cc36494cec66400e90f4f9b9ac285361a8c684e8b20c9c5ee6484d9ade54,1bd14ce4c5f67d2fb21777d94e8a5a56097fb455384b65c1e209912dd015d8fe,e2ab53af6743aff384dc8b7fffc61b0cd3a0eecd0a410ab0748c35000befe66d,29844e80ca4cb8c23861faa31ea564cad8521fad8211501304618ec063b81da7,2.389062,/tmp/buckeye_slicer_O25_4_CURRENT_family_xx3htd3g,0,4019aad0db5944dc86c9267e4cfc7f99,,2.3890624969999408
s01,s0101b,O25_4_VALLEY_WIDTH_DEPTH,63,10,0.15873015873015872,4,1,0,0.06349206349206349,0.015873015873015872,0.0,68,10,0.14705882352941177,4,1,0,0.058823529411764705,0.014705882352941176,0.0,209.11561500000002,142.53327699999986,0.6816003529913337,157.82399999999998,34,4.641882352941176,5c718a3fdc193cf92e8babe55085d9a6c49c09e1bb11c69c0d3e71192acf39c2,e798e3c12cc37e64daff6afaaffa114989763042b06b41bea87694fb00f73ac4,139658,ab91a53220904c729eba6f2b4508bc5eb537415a15619e2bd9f6dc755686c64a,d5c0cc36494cec66400e90f4f9b9ac285361a8c684e8b20c9c5ee6484d9ade54,1bd14ce4c5f67d2fb21777d94e8a5a56097fb455384b65c1e209912dd015d8fe,233220a1277649fec5078ef14c738e75692af8bab061f792204a33f8bf89ade5,620334a7d9371959fc20d7cc6641563d94d1a621bfd86d110a98c52eaf525d14,5.232957,/tmp/buckeye_slicer_O25_4_CURRENT_family_xx3htd3g,0,4019aad0db5944dc86c9267e4cfc7f99,,5.232956867000212
s01,s0101b,O25_4_BILATERAL_CONTRAST,60,10,0.16666666666666666,4,1,0,0.06666666666666667,0.016666666666666666,0.0,62,10,0.16129032258064516,4,1,0,0.06451612903225806,0.016129032258064516,0.0,209.11561500000002,140.6508239999999,0.6725983805656974,155.11999999999998,31,5.003870967741935,5c718a3fdc193cf92e8babe55085d9a6c49c09e1bb11c69c0d3e71192acf39c2,4477cec27f89e9392c7595692272bfc9d4e9d2ea6a0d8ed077a3ede543eb492c,139658,ab91a53220904c729eba6f2b4508bc5eb537415a15619e2bd9f6dc755686c64a,d5c0cc36494cec66400e90f4f9b9ac285361a8c684e8b20c9c5ee6484d9ade54,1bd14ce4c5f67d2fb21777d94e8a5a56097fb455384b65c1e209912dd015d8fe,83408f147377d42d035b1493c04ec3a2e25fb4c81abe72636db3abc71a4bbc93,8ee05edb493359176955bdf0fe9e21f2d7d166ac04199ef20a6959bb2ec80659,1.828286,/tmp/buckeye_slicer_O25_4_CURRENT_family_xx3htd3g,0,4019aad0db5944dc86c9267e4cfc7f99,,1.8282862409996596
s01,s0101b,O25_4_RMS_MIN_PLACEMENT,57,11,0.19298245614035087,5,2,0,0.08771929824561403,0.03508771929824561,0.0,58,11,0.1896551724137931,5,2,0,0.08620689655172414,0.034482758620689655,0.0,209.11561500000002,135.63492699999995,0.6486121421396481,148.76000000000002,29,5.129655172413794,5c718a3fdc193cf92e8babe55085d9a6c49c09e1bb11c69c0d3e71192acf39c2,5930c74812de16b1fe44f10a52c5198d70e2e80042e9205c94a4844f33987aba,139658,ab91a53220904c729eba6f2b4508bc5eb537415a15619e2bd9f6dc755686c64a,d5c0cc36494cec66400e90f4f9b9ac285361a8c684e8b20c9c5ee6484d9ade54,d16984e804a8b89aceecf2d3b6f79d65aabf3149e874b19797d4bb93c00f50b8,f084fddd16cd976b5cc5e7f1b5fb29aee1e72e69ea5cb14f45dea7fce6cb75cf,6b4f1da6f5dabaebc8c74c466242dbd30c6da6481772f2d4070e59537e0fabb9,0.031751,/tmp/buckeye_slicer_O25_4_CURRENT_family_xx3htd3g,0,4019aad0db5944dc86c9267e4cfc7f99,,0.03175125300003856
s01,s0101b,O25_4_MULTISCALE_MIN,58,13,0.22413793103448276,6,1,0,0.10344827586206896,0.017241379310344827,0.0,60,13,0.21666666666666667,6,1,0,0.1,0.016666666666666666,0.0,209.11561500000002,136.06903499999993,0.6506880655468982,149.58800000000002,30,4.986266666666667,5c718a3fdc193cf92e8babe55085d9a6c49c09e1bb11c69c0d3e71192acf39c2,db6682d22e4f4299dee5674792987617ff93e3e12547b95700b4131410477c3b,139658,ab91a53220904c729eba6f2b4508bc5eb537415a15619e2bd9f6dc755686c64a,d5c0cc36494cec66400e90f4f9b9ac285361a8c684e8b20c9c5ee6484d9ade54,d16984e804a8b89aceecf2d3b6f79d65aabf3149e874b19797d4bb93c00f50b8,f07da8883fa20278d812a37f8119dbfe64db723996ba5f947cbf5c77e18457f1,558acb3ae6740b45ab72e630b72dcdcc0c10ee7d75eaea70d130748e01867262,2.446786,/tmp/buckeye_slicer_O25_4_CURRENT_family_xx3htd3g,0,4019aad0db5944dc86c9267e4cfc7f99,,2.4467864150001333
s01,s0101b,O0_4,55,9,0.16363636363636364,5,0,0,0.09090909090909091,0.0,0.0,56,9,0.16071428571428573,5,0,0,0.08928571428571429,0.0,0.0,209.11561500000002,130.0281159999999,0.6218001271688864,143.732,28,5.133285714285714,87130029b5443647ed1f1febd32ab768bf957a0a1698217eb3cf14b2d00c6ecf,7742f46ba78ed9fa88c087d5ec69553ce3988bd974cf12b77459f3fa28b99e2d,139658,2782d4bb2a530808626b99eae1aeb3e51d6e4981e47584d4f3e9692b56a234f9,4e4584a5863e2d63a13b5175a0fbfdfe0457ab33a360df8c79c4a4b8e17f170c,2ab0ebe3ad0f23b799a7659fd42449a681a6c2a7f2281a69787839c75731ca57,859d0c4cd3b83eaf7502c4710a4394c7135806d330b5d8a746af01d127bd64d8,b30ca7cab60532a8eb945a34f5853f41ceeff0068be93bf74e3f95fd318082ca,0.075191,/tmp/buckeye_slicer_O0_4_cpasehsr,1,cd734dae684340c3858282dd4c6e0c21,12.810792830000537,0.07519143300032738
s01,s0101b,O0_2,55,9,0.16363636363636364,5,0,0,0.09090909090909091,0.0,0.0,56,9,0.16071428571428573,5,0,0,0.08928571428571429,0.0,0.0,209.11561500000002,130.03411599999987,0.6218288194308199,143.87199999999993,28,5.138285714285712,b8f9c3af61c5c18d8b52a1cdb992e5c98e154bc752c5665b52bea987b6d3c947,7742f46ba78ed9fa88c087d5ec69553ce3988bd974cf12b77459f3fa28b99e2d,279315,fe4e799b924c00133081c98246d51480eeb1eb5710b07afaf4ea9bfddc9eef1c,c9bbc57c9cf2d639d5c981344ffe579d53e5df845a7816e5e227b96a736cccd9,5a56fffd24ccb3b4181ba4176689f53778c93f465afe41994421674b5e732a69,0fb5f5721cef8346bc0c39aadb105f00655084b3c0fc73a855b2de548b2d1aee,b25cde7f4fcbcf0be17c45d6824570164b7b9d56f406b991bb04f5eb6de3d338,0.146046,/tmp/buckeye_slicer_O0_2_jl13o5v9,1,436875759c3544129788011902ffc60b,25.548151347000385,0.1460458199999266
s02,s0201b,A_O50_8,23,2,0.08695652173913043,0,0,0,0.0,0.0,0.0,26,2,0.07692307692307693,0,0,0,0.0,0.0,0.0,84.13449100000008,65.20768599999997,0.7750410708492894,71.96800000000003,13,5.536000000000002,72ea8093df3fb11222b7291a784e2272246d6349ad6d5da63900e79412997498,7742f46ba78ed9fa88c087d5ec69553ce3988bd974cf12b77459f3fa28b99e2d,32484,8b2efa05a43b198d1fc7be34bc4d73cdbd2fe9258a1118ced61c942016203f41,68734076bed194547a53560ffd2079703f6cd9c224ffa7d03ddb39f86eb75b8a,41f59f5212a17f99a1653d1d17cf5ec3a663aaaba2ef7be5c145745fcb8a3fcc,ada5ac545f7aaee1808b6708f893bb20b03251d005a4efd6005aa56a309d7ad4,bcb6a571f8b361d387e736ec13f8d13acd5ae2809a705d0d0b58e9a2071fc64c,0.017911,/tmp/buckeye_slicer_A_O50_8_bxoetjh4,1,7f015dfdb11048808900c2990798878c,5.760580907000076,0.017910743999891565
s02,s0201b,O25_4_CURRENT,22,2,0.09090909090909091,0,0,0,0.0,0.0,0.0,24,2,0.08333333333333333,0,0,0,0.0,0.0,0.0,84.13449100000008,65.21568599999995,0.7751361567041498,72.09599999999999,12,6.007999999999999,5c718a3fdc193cf92e8babe55085d9a6c49c09e1bb11c69c0d3e71192acf39c2,7190f16fba4255cc411975b9a2309f08defcc24e3037f27047a34649a5c886c2,64968,fbb3295d982a49a094a5bfd4ffeb6dd084dc4a39d337580c96823ca4c555bab1,d04e3c03206e9627b9e6f8abc805209fb0c02dffe4d903244725d681756546f9,e9857ce44917ebd4879e22234390efbd3b1382ce57b25ce6db27b9c834aba50d,5b7fa32960bea3e77505cb93b6507c054d10ebe8153224762a66e6860f4c4299,546d2240a2ba9f2a91e17d71d8ba88de7fe5f83534ea4b92513b0252609a126e,0.001165,/tmp/buckeye_slicer_O25_4_CURRENT_family_h3c39g4k,1,d5d2a18a3eaf4e2e87d022ad38782707,6.0194689340005425,0.0011645089998637559
s02,s0201b,O25_4_RMS_PROMINENCE,22,2,0.09090909090909091,0,0,0,0.0,0.0,0.0,24,2,0.08333333333333333,0,0,0,0.0,0.0,0.0,84.13449100000008,62.53168599999995,0.7432348523984045,68.31199999999997,12,5.692666666666664,5c718a3fdc193cf92e8babe55085d9a6c49c09e1bb11c69c0d3e71192acf39c2,6eed34bc0e41975aea787aa6cca11730513d270fe247ebfd1ffa9ac358a71ee8,64968,fbb3295d982a49a094a5bfd4ffeb6dd084dc4a39d337580c96823ca4c555bab1,d04e3c03206e9627b9e6f8abc805209fb0c02dffe4d903244725d681756546f9,e9857ce44917ebd4879e22234390efbd3b1382ce57b25ce6db27b9c834aba50d,44c9679277ce7bfa662205c402fd1f620a9a0056bf7c9f078b4f1411b903999a,001c9acf815374a01a11306e2f50308cedf1a4e2e7a9d9c4d812b9b75ce880de,0.261116,/tmp/buckeye_slicer_O25_4_CURRENT_family_h3c39g4k,0,d5d2a18a3eaf4e2e87d022ad38782707,,0.2611157949995686
s02,s0201b,O25_4_MULTISCALE_RMS,22,2,0.09090909090909091,0,0,0,0.0,0.0,0.0,24,2,0.08333333333333333,0,0,0,0.0,0.0,0.0,84.13449100000008,63.82568599999996,0.7586149894221135,70.03599999999996,12,5.83633333333333,5c718a3fdc193cf92e8babe55085d9a6c49c09e1bb11c69c0d3e71192acf39c2,8517088134ad6c26fbf0bd840f9a2b032305c7e1ef488de19088c30177922e1e,64968,fbb3295d982a49a094a5bfd4ffeb6dd084dc4a39d337580c96823ca4c555bab1,d04e3c03206e9627b9e6f8abc805209fb0c02dffe4d903244725d681756546f9,e9857ce44917ebd4879e22234390efbd3b1382ce57b25ce6db27b9c834aba50d,b07c4bc11df4835e5acd5b01d55cdfa39557e01c193b1773e9f5ca3902923b65,1be263027ddd25a1e8e85b4454da4c45eb6481ba583272064c5f04d12552992d,0.346255,/tmp/buckeye_slicer_O25_4_CURRENT_family_h3c39g4k,0,d5d2a18a3eaf4e2e87d022ad38782707,,0.34625488900019263
s02,s0201b,O25_4_VALLEY_WIDTH_DEPTH,24,1,0.041666666666666664,0,0,0,0.0,0.0,0.0,28,1,0.03571428571428571,0,0,0,0.0,0.0,0.0,84.13449100000008,66.15368599999996,0.7862849731865603,73.14800000000001,14,5.224857142857144,5c718a3fdc193cf92e8babe55085d9a6c49c09e1bb11c69c0d3e71192acf39c2,e798e3c12cc37e64daff6afaaffa114989763042b06b41bea87694fb00f73ac4,64968,fbb3295d982a49a094a5bfd4ffeb6dd084dc4a39d337580c96823ca4c555bab1,d04e3c03206e9627b9e6f8abc805209fb0c02dffe4d903244725d681756546f9,e9857ce44917ebd4879e22234390efbd3b1382ce57b25ce6db27b9c834aba50d,fcf08fc1e97cd7994852cf99c48253de65e4d477901b4b3804b84681b4d4a6b1,42a5dccb36568dda94ad5cd18a0ba42523cf61d78cd13a4bfe2d224bb5f5c771,0.725344,/tmp/buckeye_slicer_O25_4_CURRENT_family_h3c39g4k,0,d5d2a18a3eaf4e2e87d022ad38782707,,0.7253440220001721
s02,s0201b,O25_4_BILATERAL_CONTRAST,19,1,0.05263157894736842,0,0,0,0.0,0.0,0.0,20,1,0.05,0,0,0,0.0,0.0,0.0,84.13449100000008,57.739077999999964,0.6862711988119107,62.92799999999997,10,6.292799999999997,5c718a3fdc193cf92e8babe55085d9a6c49c09e1bb11c69c0d3e71192acf39c2,4477cec27f89e9392c7595692272bfc9d4e9d2ea6a0d8ed077a3ede543eb492c,64968,fbb3295d982a49a094a5bfd4ffeb6dd084dc4a39d337580c96823ca4c555bab1,d04e3c03206e9627b9e6f8abc805209fb0c02dffe4d903244725d681756546f9,e9857ce44917ebd4879e22234390efbd3b1382ce57b25ce6db27b9c834aba50d,88cbe94ac5834b9562dfaefaf1d0f33fc9be219ea762e30a2c0d4c73a41f6e94,0a5b782f11790e22f4ac11f9e99a064ef99a10429d80fd6ec065410669ef8dad,0.260009,/tmp/buckeye_slicer_O25_4_CURRENT_family_h3c39g4k,0,d5d2a18a3eaf4e2e87d022ad38782707,,0.2600088049994156
s02,s0201b,O25_4_RMS_MIN_PLACEMENT,22,1,0.045454545454545456,0,0,0,0.0,0.0,0.0,24,1,0.041666666666666664,0,0,0,0.0,0.0,0.0,84.13449100000008,65.19879799999998,0.7749354304645394,72.17200000000001,12,6.014333333333334,5c718a3fdc193cf92e8babe55085d9a6c49c09e1bb11c69c0d3e71192acf39c2,5930c74812de16b1fe44f10a52c5198d70e2e80042e9205c94a4844f33987aba,64968,fbb3295d982a49a094a5bfd4ffeb6dd084dc4a39d337580c96823ca4c555bab1,d04e3c03206e9627b9e6f8abc805209fb0c02dffe4d903244725d681756546f9,dc19b8703c7692f519452db84e93f770340137c3bf27dc506c25c38c908913d2,7b202387bdf618d5380a435395fcd502acb01cf0e2044bc06bb575de25b02a82,a058528cb7f915dcd147356e2d0f8010b8539ad5c1a51bfd43dccc7cee7b9c5a,0.01105,/tmp/buckeye_slicer_O25_4_CURRENT_family_h3c39g4k,0,d5d2a18a3eaf4e2e87d022ad38782707,,0.011050113999772293
s02,s0201b,O25_4_MULTISCALE_MIN,22,1,0.045454545454545456,0,0,0,0.0,0.0,0.0,24,1,0.041666666666666664,0,0,0,0.0,0.0,0.0,84.13449100000008,63.808797999999996,0.758414263182503,70.07400000000003,12,5.839500000000002,5c718a3fdc193cf92e8babe55085d9a6c49c09e1bb11c69c0d3e71192acf39c2,db6682d22e4f4299dee5674792987617ff93e3e12547b95700b4131410477c3b,64968,fbb3295d982a49a094a5bfd4ffeb6dd084dc4a39d337580c96823ca4c555bab1,d04e3c03206e9627b9e6f8abc805209fb0c02dffe4d903244725d681756546f9,dc19b8703c7692f519452db84e93f770340137c3bf27dc506c25c38c908913d2,0bd54893d265f87cacf85ae1feab8e85d34821f3d34f2b3ee0fee6466d2a7026,d57881a32a750c7276ba915ef094ce0a41a369d0963daf51018793fe3904fd83,0.351038,/tmp/buckeye_slicer_O25_4_CURRENT_family_h3c39g4k,0,d5d2a18a3eaf4e2e87d022ad38782707,,0.35103841700038174
s02,s0201b,O0_4,18,1,0.05555555555555555,1,0,0,0.05555555555555555,0.0,0.0,18,1,0.05555555555555555,1,0,0,0.05555555555555555,0.0,0.0,84.13449100000008,41.37084499999999,0.4917227703915146,46.39599999999999,9,5.155111111111109,87130029b5443647ed1f1febd32ab768bf957a0a1698217eb3cf14b2d00c6ecf,7742f46ba78ed9fa88c087d5ec69553ce3988bd974cf12b77459f3fa28b99e2d,64968,fdc796c69deaf628ddb1aadce65ae2940f36e1052bf5192532b53e001cb57c4c,e69c9a2be06ffe6442dbf0cd98fb2d7b8fc07af79cd1a4289975b595db56dd87,b943ac79db7a0627a92dec55cb1623795612f950f85b2088010ca823baa61b8d,21db6eaf439f07bb1b389b3f8c0aaf3e0d91ed6bceb83ed0df29d1aa92c92a94,2d9d81e5c53bd03fa486c8447519a3e74b4ed0ae4b24bf59ea326da53b01a30e,0.029893,/tmp/buckeye_slicer_O0_4_jzciilm6,1,099e6d1c1419442e93a6546e106a19d7,6.0643616289999045,0.029893215999436507
s02,s0201b,O0_2,18,2,0.1111111111111111,1,0,0,0.05555555555555555,0.0,0.0,18,2,0.1111111111111111,1,0,0,0.05555555555555555,0.0,0.0,84.13449100000008,41.35973299999996,0.4915906961391128,46.38799999999998,9,5.15422222222222,b8f9c3af61c5c18d8b52a1cdb992e5c98e154bc752c5665b52bea987b6d3c947,7742f46ba78ed9fa88c087d5ec69553ce3988bd974cf12b77459f3fa28b99e2d,129935,463a8a2f02af638bd28d59bec337b4c4b0b764afde3bcd53eb138555544dd37c,e9d51ca413ecb9f34d509330f498cb9b749f909f2d2e9b2b1e16f085773b70b6,7209d1f2a87f7189308e7f8a34b9055debe6158f9aa0733fd19db480c2a493ad,dd7f71c36d1aed3915ed2326194583678be5488a93411df815a858fe9d7e5304,63756c8f3c1317986f7b581ab097d2d41aeebc47db5abc45c8322276aea1ae30,0.062018,/tmp/buckeye_slicer_O0_2_th30gs76,1,54e6aeacb8be46448af85669cee9ec09,12.183425288999388,0.06201817199962534
s03,s0301a,A_O50_8,38,9,0.23684210526315788,8,4,0,0.21052631578947367,0.10526315789473684,0.0,46,11,0.2391304347826087,10,6,0,0.21739130434782608,0.13043478260869565,0.0,152.70144000000008,123.10903500000016,0.8062074267276071,140.09599999999998,23,6.091130434782608,72ea8093df3fb11222b7291a784e2272246d6349ad6d5da63900e79412997498,7742f46ba78ed9fa88c087d5ec69553ce3988bd974cf12b77459f3fa28b99e2d,37925,055dbe11b7ef3f134fcb0defe4a7d5300a994180b0d3927c1f49b415625cdcb9,b48d4357b899773119aa18c4241ceceb03bfd88012510cba17618a852abac9b5,dde4d4ebea4b6035c99ef7c4205882606aec0cd157035d8026c3b85b16145c10,c4f6fba77c6054440da4bd4d43e8fdf7c24e7be0f8758187c0ce1f5de5315a6b,73dc2afca8eeef87812891b6b8e8574cd7aa4e67ec0c52bfee3ce3ad00515eb0,0.028098,/tmp/buckeye_slicer_A_O50_8_lekeholm,1,b7a0db8f10514a6bb363235b3ef6968a,3.54572387799999,0.02809800900013215
s03,s0301a,O25_4_CURRENT,38,5,0.13157894736842105,3,2,0,0.07894736842105263,0.05263157894736842,0.0,46,6,0.13043478260869565,4,3,0,0.08695652173913043,0.06521739130434782,0.0,152.70144000000008,124.50875500000014,0.8153738104892795,142.216,23,6.183304347826088,5c718a3fdc193cf92e8babe55085d9a6c49c09e1bb11c69c0d3e71192acf39c2,7190f16fba4255cc411975b9a2309f08defcc24e3037f27047a34649a5c886c2,75850,4c616b8729f8e3bdc3edd6b3edffc7d01a2bcc0d87b6f9f808193429f28366f0,2966119330c8d5c52e567da979778ad44ed9806e24ed3c2cb1e01a74dd73bb40,3a22109a2a94abe2ed41a5f1326c3f820a8687598171d9e04674a31922477873,5bf3feb2e4fdd2d6ad89b5291a5d30137d67182740e8abef8cb78950ef81c366,a06b607032264c975a9a86b2c7e9f611168723f7fdd009cddd8a02f48e848f72,0.002426,/tmp/buckeye_slicer_O25_4_CURRENT_family_u5if3p0z,1,149a0cedf7e247f7a12c1598f66dd6dc,7.080386440999973,0.0024255969992736937
s03,s0301a,O25_4_RMS_PROMINENCE,41,9,0.21951219512195122,8,5,0,0.1951219512195122,0.12195121951219512,0.0,54,14,0.25925925925925924,13,8,0,0.24074074074074073,0.14814814814814814,0.0,152.70144000000008,121.19703500000016,0.7936862612428547,138.128,27,5.115851851851851,5c718a3fdc193cf92e8babe55085d9a6c49c09e1bb11c69c0d3e71192acf39c2,6eed34bc0e41975aea787aa6cca11730513d270fe247ebfd1ffa9ac358a71ee8,75850,4c616b8729f8e3bdc3edd6b3edffc7d01a2bcc0d87b6f9f808193429f28366f0,2966119330c8d5c52e567da979778ad44ed9806e24ed3c2cb1e01a74dd73bb40,3a22109a2a94abe2ed41a5f1326c3f820a8687598171d9e04674a31922477873,0f0741633d7368178cb36acd9ce413cc60597c280692b2629f089df5960a2fce,e94c48e50e75a627d965fe32b57ca585639c7903c4b5e91aa9fec2af0f8537a3,0.509198,/tmp/buckeye_slicer_O25_4_CURRENT_family_u5if3p0z,0,149a0cedf7e247f7a12c1598f66dd6dc,,0.5091976579997208
s03,s0301a,O25_4_MULTISCALE_RMS,36,6,0.16666666666666666,6,5,0,0.16666666666666666,0.1388888888888889,0.0,46,9,0.1956521739130435,9,8,0,0.1956521739130435,0.17391304347826086,0.0,152.70144000000008,118.84503500000012,0.7782836560021966,135.57199999999995,23,5.894434782608693,5c718a3fdc193cf92e8babe55085d9a6c49c09e1bb11c69c0d3e71192acf39c2,8517088134ad6c26fbf0bd840f9a2b032305c7e1ef488de19088c30177922e1e,75850,4c616b8729f8e3bdc3edd6b3edffc7d01a2bcc0d87b6f9f808193429f28366f0,2966119330c8d5c52e567da979778ad44ed9806e24ed3c2cb1e01a74dd73bb40,3a22109a2a94abe2ed41a5f1326c3f820a8687598171d9e04674a31922477873,62806dfc241db161c3b8faa53d9cc5e7d7e010c4169b567f779860f8878c98be,4593ec47b4c28c59f5e384b8ff5b9cd5dcf75b45a411c9994314b4758a1a71b6,0.680235,/tmp/buckeye_slicer_O25_4_CURRENT_family_u5if3p0z,0,149a0cedf7e247f7a12c1598f66dd6dc,,0.6802348250002979
s03,s0301a,O25_4_VALLEY_WIDTH_DEPTH,45,6,0.13333333333333333,4,3,0,0.08888888888888889,0.06666666666666667,0.0,62,9,0.14516129032258066,7,5,0,0.11290322580645161,0.08064516129032258,0.0,152.70144000000008,125.77975500000015,0.8236972421478153,143.48799999999991,31,4.628645161290319,5c718a3fdc193cf92e8babe55085d9a6c49c09e1bb11c69c0d3e71192acf39c2,e798e3c12cc37e64daff6afaaffa114989763042b06b41bea87694fb00f73ac4,75850,4c616b8729f8e3bdc3edd6b3edffc7d01a2bcc0d87b6f9f808193429f28366f0,2966119330c8d5c52e567da979778ad44ed9806e24ed3c2cb1e01a74dd73bb40,3a22109a2a94abe2ed41a5f1326c3f820a8687598171d9e04674a31922477873,e903200331c22d80511f3f7d98e30dc9b3ede428d9ceb47d61ef21e7d0708fc8,4764c34eab9200b0d3ceed1aa4dce5618fd04af2d6af5f4c576019ce0ad5d6e5,1.387627,/tmp/buckeye_slicer_O25_4_CURRENT_family_u5if3p0z,0,149a0cedf7e247f7a12c1598f66dd6dc,,1.387627086000066
s03,s0301a,O25_4_BILATERAL_CONTRAST,36,4,0.1111111111111111,4,3,0,0.1111111111111111,0.08333333333333333,0.0,46,7,0.15217391304347827,7,5,0,0.15217391304347827,0.10869565217391304,0.0,152.70144000000008,120.80975500000012,0.7911500703595202,137.82399999999996,23,5.992347826086955,5c718a3fdc193cf92e8babe55085d9a6c49c09e1bb11c69c0d3e71192acf39c2,4477cec27f89e9392c7595692272bfc9d4e9d2ea6a0d8ed077a3ede543eb492c,75850,4c616b8729f8e3bdc3edd6b3edffc7d01a2bcc0d87b6f9f808193429f28366f0,2966119330c8d5c52e567da979778ad44ed9806e24ed3c2cb1e01a74dd73bb40,3a22109a2a94abe2ed41a5f1326c3f820a8687598171d9e04674a31922477873,58ab9dc49f8b68ef8ca6d91df2810a768b7da70f9393712483764a7b439ca8a7,c45ee4afe79bb878fb3beb196833a455bf25f0334690cbb6ee6fd894b6594fcc,0.509744,/tmp/buckeye_slicer_O25_4_CURRENT_family_u5if3p0z,0,149a0cedf7e247f7a12c1598f66dd6dc,,0.5097436509995532
s03,s0301a,O25_4_RMS_MIN_PLACEMENT,38,5,0.13157894736842105,4,2,0,0.10526315789473684,0.05263157894736842,0.0,48,7,0.14583333333333334,5,3,0,0.10416666666666667,0.0625,0.0,152.70144000000008,124.38063300000012,0.81453477452472,141.80400000000003,24,5.908500000000001,5c718a3fdc193cf92e8babe55085d9a6c49c09e1bb11c69c0d3e71192acf39c2,5930c74812de16b1fe44f10a52c5198d70e2e80042e9205c94a4844f33987aba,75850,4c616b8729f8e3bdc3edd6b3edffc7d01a2bcc0d87b6f9f808193429f28366f0,2966119330c8d5c52e567da979778ad44ed9806e24ed3c2cb1e01a74dd73bb40,b6990fee08237c6f2528bbe1df5afcb7e7857b36c48bc1ac2580d08524e4aa21,dda7221d8980e46b6937ebf0d6e2cd248468620f05247f811404df98a47a5720,96ab1d630b91dedc7a460955b637727e2aea2a23f224d741dfc090daf8e7c706,0.018179,/tmp/buckeye_slicer_O25_4_CURRENT_family_u5if3p0z,0,149a0cedf7e247f7a12c1598f66dd6dc,,0.01817929800017737
s03,s0301a,O25_4_MULTISCALE_MIN,35,3,0.08571428571428572,3,3,1,0.08571428571428572,0.08571428571428572,0.02857142857142857,44,4,0.09090909090909091,4,4,1,0.09090909090909091,0.09090909090909091,0.022727272727272728,152.70144000000008,117.59591300000015,0.7701034973867967,133.88799999999998,22,6.085818181818181,5c718a3fdc193cf92e8babe55085d9a6c49c09e1bb11c69c0d3e71192acf39c2,db6682d22e4f4299dee5674792987617ff93e3e12547b95700b4131410477c3b,75850,4c616b8729f8e3bdc3edd6b3edffc7d01a2bcc0d87b6f9f808193429f28366f0,2966119330c8d5c52e567da979778ad44ed9806e24ed3c2cb1e01a74dd73bb40,b6990fee08237c6f2528bbe1df5afcb7e7857b36c48bc1ac2580d08524e4aa21,49ea814eac5b1acdbfedc9bf27a0931cb533f52589a02adaec4b363bc7c67491,6fdaad416e820a58bd8a070c7ecbb0ab27f51cdd76e4d77acd1a13bdb390197b,0.683379,/tmp/buckeye_slicer_O25_4_CURRENT_family_u5if3p0z,0,149a0cedf7e247f7a12c1598f66dd6dc,,0.6833789160000379
s03,s0301a,O0_4,38,3,0.07894736842105263,1,0,0,0.02631578947368421,0.0,0.0,48,3,0.0625,1,0,0,0.020833333333333332,0.0,0.0,152.70144000000008,124.07675500000009,0.8125447605471174,141.71199999999996,24,5.904666666666665,87130029b5443647ed1f1febd32ab768bf957a0a1698217eb3cf14b2d00c6ecf,7742f46ba78ed9fa88c087d5ec69553ce3988bd974cf12b77459f3fa28b99e2d,75850,181f7d8d50fc9e13492eafd2dd0f02ccd1a32788894e852e21d8aed39bef2d9a,650399f477ff1e436c60866f83165b992e7f921aaa8eba7a4a36b2ccfd91f90b,fbbe0963cc8beb5d5674ba1e1d0cd24f0162ae28ad88c43ece42143196a5d20c,865d7f0d64629572fb08c84494255ff4cea4e92ec7d8fd07646c22ce6cc6bb9a,d6164e77a18cfc2d37c8efbdceb15af9c5bfc196dcbf20e49b1e16f975609979,0.047117,/tmp/buckeye_slicer_O0_4_ij3e6zvz,1,5f2965898f3c4491a0f68628b40111b9,7.038518175999343,0.04711665600007109
s03,s0301a,O0_2,38,3,0.07894736842105263,1,0,0,0.02631578947368421,0.0,0.0,48,3,0.0625,1,0,0,0.020833333333333332,0.0,0.0,152.70144000000008,124.0787550000001,0.8125578580005535,141.73799999999994,24,5.905749999999998,b8f9c3af61c5c18d8b52a1cdb992e5c98e154bc752c5665b52bea987b6d3c947,7742f46ba78ed9fa88c087d5ec69553ce3988bd974cf12b77459f3fa28b99e2d,151699,5bfbef46e6fec74e53903bc8c856f1d2f13f1f0a665fcc8e5fe51e220218db1c,63c0b4921a38491cd53684f24b3c6d37389c64a3451dbf8bd5167e4336a82566,8a14116a79dc77cce1d5d83f7b82cdf083312ee74a3e701bbff13772377399a3,1540aad35fc62a165d5c93fa9ef3d9b81cb3887c8b9682055fb12852ad2f5717,8aaf38531dcb33ac6a4a5d48b7e063c8a4d61caaebc6d300f6d5c7ad74eb3d9c,0.093155,/tmp/buckeye_slicer_O0_2_p3g1vk7s,1,bc4f9d3ca41d4939a24b24fa00782282,13.887148970000453,0.09315464700011944
s04,s0401b,A_O50_8,76,6,0.07894736842105263,4,1,0,0.05263157894736842,0.013157894736842105,0.0,78,8,0.10256410256410256,6,2,0,0.07692307692307693,0.02564102564102564,0.0,297.30200100000025,175.26054099999985,0.5895034019633111,203.49599999999998,39,5.217846153846153,72ea8093df3fb11222b7291a784e2272246d6349ad6d5da63900e79412997498,7742f46ba78ed9fa88c087d5ec69553ce3988bd974cf12b77459f3fa28b99e2d,71073,3a288a4a6f73a2abd5cfe3cf4d99c68d5eb79cf05de2289ea256f4cc4d72d57a,dbf17109b0b24f98fb9dcb8c371af7e87e27c579ce227f91fffed04006709e0f,83aba6f7466c10dded77878747993a186058623e416d81a9a92beca24d73f033,e0d77eb717ff74cc22fed68d9c537aa43f1c1e516cba3ec15e955c0b4cc88f7d,1d1d7309463c295da1de2f080afa7bd052669d499a7738c305e7d5acc4c17b1b,0.068194,/tmp/buckeye_slicer_A_O50_8_82zhv8bc,1,9ec1eb0e80c94eb6ab90979b914dbd4e,6.558444305999728,0.06819364800048788
s04,s0401b,O25_4_CURRENT,76,5,0.06578947368421052,4,1,0,0.05263157894736842,0.013157894736842105,0.0,78,7,0.08974358974358974,6,2,0,0.07692307692307693,0.02564102564102564,0.0,297.30200100000025,174.7876339999999,0.5879127399482245,203.60399999999996,39,5.2206153846153835,5c718a3fdc193cf92e8babe55085d9a6c49c09e1bb11c69c0d3e71192acf39c2,7190f16fba4255cc411975b9a2309f08defcc24e3037f27047a34649a5c886c2,142145,f7d6dc4cc90f94b0f16226202ba6594dd94d9b7d2567d27c7a98b7864b8994e5,58a608b61919361215aa895731f6059737e0384a121e7faaca4060326bf4db73,86ab3a55db3cff56f702c029c4c9e9575863651b60811988f709cd457631405f,6c5fe13b9c26c43e461963c695a756265be5e9ea437e5a6cba2a33ecb41f3878,0b443476e7c84f9bb3e47debc584e7e6240b6551807361fe43f880713196662e,0.007201,/tmp/buckeye_slicer_O25_4_CURRENT_family_3n0yhwyt,1,a34860779a434206b9cb28e24b667a2d,13.150639055999818,0.00720060999992711
s04,s0401b,O25_4_RMS_PROMINENCE,76,9,0.11842105263157894,9,2,0,0.11842105263157894,0.02631578947368421,0.0,78,11,0.14102564102564102,11,2,0,0.14102564102564102,0.02564102564102564,0.0,297.30200100000025,166.69160799999995,0.560681083340572,191.916,39,4.920923076923077,5c718a3fdc193cf92e8babe55085d9a6c49c09e1bb11c69c0d3e71192acf39c2,6eed34bc0e41975aea787aa6cca11730513d270fe247ebfd1ffa9ac358a71ee8,142145,f7d6dc4cc90f94b0f16226202ba6594dd94d9b7d2567d27c7a98b7864b8994e5,58a608b61919361215aa895731f6059737e0384a121e7faaca4060326bf4db73,86ab3a55db3cff56f702c029c4c9e9575863651b60811988f709cd457631405f,d6ff92c1734aa689963bef1351166b5a9057cf78c3c7cd13e19c26a997c7630e,4328c7d91d8a6eca8c394679aa7b1cc5c198593ac68324afd66f2af233ca1f7e,3.835322,/tmp/buckeye_slicer_O25_4_CURRENT_family_3n0yhwyt,0,a34860779a434206b9cb28e24b667a2d,,3.835321689999546
s04,s0401b,O25_4_MULTISCALE_RMS,76,3,0.039473684210526314,3,1,0,0.039473684210526314,0.013157894736842105,0.0,78,4,0.05128205128205128,4,1,0,0.05128205128205128,0.01282051282051282,0.0,297.30200100000025,170.7029169999999,0.574173454688587,197.80399999999995,39,5.0718974358974345,5c718a3fdc193cf92e8babe55085d9a6c49c09e1bb11c69c0d3e71192acf39c2,8517088134ad6c26fbf0bd840f9a2b032305c7e1ef488de19088c30177922e1e,142145,f7d6dc4cc90f94b0f16226202ba6594dd94d9b7d2567d27c7a98b7864b8994e5,58a608b61919361215aa895731f6059737e0384a121e7faaca4060326bf4db73,86ab3a55db3cff56f702c029c4c9e9575863651b60811988f709cd457631405f,b9f25763458c80920eaec875f7720a6545e01dcf88441927bb60aa1a79ef3c2d,fe11e2d561ac220867f4bccdd4a31c22686aeb7473192d17568cc11c72d6e127,5.040379,/tmp/buckeye_slicer_O25_4_CURRENT_family_3n0yhwyt,0,a34860779a434206b9cb28e24b667a2d,,5.040378722999776
s04,s0401b,O25_4_VALLEY_WIDTH_DEPTH,83,4,0.04819277108433735,3,1,0,0.03614457831325301,0.012048192771084338,0.0,92,5,0.05434782608695652,4,2,0,0.043478260869565216,0.021739130434782608,0.0,297.30200100000025,177.86263399999982,0.5982557581238738,207.41599999999994,46,4.509043478260868,5c718a3fdc193cf92e8babe55085d9a6c49c09e1bb11c69c0d3e71192acf39c2,e798e3c12cc37e64daff6afaaffa114989763042b06b41bea87694fb00f73ac4,142145,f7d6dc4cc90f94b0f16226202ba6594dd94d9b7d2567d27c7a98b7864b8994e5,58a608b61919361215aa895731f6059737e0384a121e7faaca4060326bf4db73,86ab3a55db3cff56f702c029c4c9e9575863651b60811988f709cd457631405f,c4871dd1aed8de2e5174b39f091dd869d5cf7e345276541e5bb868192fc580f9,be0cae36cb0869942af0b73569998e76404dfed659f4af8794cff313b9c68552,10.962401,/tmp/buckeye_slicer_O25_4_CURRENT_family_3n0yhwyt,0,a34860779a434206b9cb28e24b667a2d,,10.962400569000238
s04,s0401b,O25_4_BILATERAL_CONTRAST,76,2,0.02631578947368421,2,1,0,0.02631578947368421,0.013157894736842105,0.0,78,2,0.02564102564102564,2,1,0,0.02564102564102564,0.01282051282051282,0.0,297.30200100000025,171.1359539999999,0.5756300106436208,199.01999999999998,39,5.103076923076922,5c718a3fdc193cf92e8babe55085d9a6c49c09e1bb11c69c0d3e71192acf39c2,4477cec27f89e9392c7595692272bfc9d4e9d2ea6a0d8ed077a3ede543eb492c,142145,f7d6dc4cc90f94b0f16226202ba6594dd94d9b7d2567d27c7a98b7864b8994e5,58a608b61919361215aa895731f6059737e0384a121e7faaca4060326bf4db73,86ab3a55db3cff56f702c029c4c9e9575863651b60811988f709cd457631405f,1db75d224fdc1d7cdde5359ad523d40d379e8f662193933b2b0bb49fbde4f0e8,d449b3445a705bcdf9b8da7ac4dcf2bf0454e9afee054f6645ee3da39a35c1e3,3.755259,/tmp/buckeye_slicer_O25_4_CURRENT_family_3n0yhwyt,0,a34860779a434206b9cb28e24b667a2d,,3.755259276000288
s04,s0401b,O25_4_RMS_MIN_PLACEMENT,72,15,0.20833333333333334,7,2,0,0.09722222222222222,0.027777777777777776,0.0,74,17,0.22972972972972974,9,4,0,0.12162162162162163,0.05405405405405406,0.0,297.30200100000025,170.19265099999978,0.5724571325707278,197.21000000000004,37,5.330000000000001,5c718a3fdc193cf92e8babe55085d9a6c49c09e1bb11c69c0d3e71192acf39c2,5930c74812de16b1fe44f10a52c5198d70e2e80042e9205c94a4844f33987aba,142145,f7d6dc4cc90f94b0f16226202ba6594dd94d9b7d2567d27c7a98b7864b8994e5,58a608b61919361215aa895731f6059737e0384a121e7faaca4060326bf4db73,ee5b953173f18c455366bec24ba36364fcc952f36d8a07ade547f7802a2337f6,8511aa009a3a21b9449b37878f0d3dbd3747f916fcd8e228e3fefe820c2624a5,386a9d45cd8426cb72636fed897d95b15e7bc8084c3d21878ddb31c51b8ced34,0.053541,/tmp/buckeye_slicer_O25_4_CURRENT_family_3n0yhwyt,0,a34860779a434206b9cb28e24b667a2d,,0.0535412119998
s04,s0401b,O25_4_MULTISCALE_MIN,72,13,0.18055555555555555,5,2,0,0.06944444444444445,0.027777777777777776,0.0,74,14,0.1891891891891892,6,3,0,0.08108108108108109,0.04054054054054054,0.0,297.30200100000025,166.2253489999998,0.559112782426243,191.55400000000003,37,5.177135135135136,5c718a3fdc193cf92e8babe55085d9a6c49c09e1bb11c69c0d3e71192acf39c2,db6682d22e4f4299dee5674792987617ff93e3e12547b95700b4131410477c3b,142145,f7d6dc4cc90f94b0f16226202ba6594dd94d9b7d2567d27c7a98b7864b8994e5,58a608b61919361215aa895731f6059737e0384a121e7faaca4060326bf4db73,ee5b953173f18c455366bec24ba36364fcc952f36d8a07ade547f7802a2337f6,929565a78bdce99cfacee45bfdc42f909744bea7db1d3d65c28b2cb9bf643e5e,4a53b4574cd22b259239ee1a43e47b4d7b090fead31fd1f1917d4b83b910fdec,5.02342,/tmp/buckeye_slicer_O25_4_CURRENT_family_3n0yhwyt,0,a34860779a434206b9cb28e24b667a2d,,5.023420276999786
s04,s0401b,O0_4,74,4,0.05405405405405406,2,1,0,0.02702702702702703,0.013513513513513514,0.0,76,5,0.06578947368421052,3,2,0,0.039473684210526314,0.02631578947368421,0.0,297.30200100000025,171.62390499999987,0.5772712744035642,199.82400000000004,38,5.258526315789474,87130029b5443647ed1f1febd32ab768bf957a0a1698217eb3cf14b2d00c6ecf,7742f46ba78ed9fa88c087d5ec69553ce3988bd974cf12b77459f3fa28b99e2d,142145,991ec5ac27eb4a92f0999476f9153412b235a7364dc0ac5a4dbd74bc564552de,9b380e91181a592c91f5b86b4a05661f37cbafc95d83b6a1b48cd0abe79cb506,5e0847e57a2bc55db5aeb92d66eac908a6df6e3a2e88d1c6f1903e6151dac6bd,3824533ae172cee91a80760a7981153c8e9f66bb56581ff16ffea3c07fdb0279,b6c840f084e97204d1926a84f9ed06df38fba18eb7a79a108c09f1ad72e73bbb,0.105689,/tmp/buckeye_slicer_O0_4_a8fen3dh,1,e1f41a5a931b4c7f9fb2b79edac19126,12.831785284000034,0.10568853999939165
s04,s0401b,O0_2,74,6,0.08108108108108109,4,1,0,0.05405405405405406,0.013513513513513514,0.0,76,8,0.10526315789473684,6,2,0,0.07894736842105263,0.02631578947368421,0.0,297.30200100000025,171.5560299999999,0.577042971197492,199.89000000000007,38,5.260263157894738,b8f9c3af61c5c18d8b52a1cdb992e5c98e154bc752c5665b52bea987b6d3c947,7742f46ba78ed9fa88c087d5ec69553ce3988bd974cf12b77459f3fa28b99e2d,284290,4c02ff947dedc02b3eaf664e73792efc656ca8a192ec6b732789315cc4c785ea,e2ebc8f88d371ba87e549876fd0192eccffd98d7eab95aaf3125b28cfa57e7e7,fa09055b44fe68ad5553ba6cc2a9307d3104cd233594d946b9d3d61575c3d4a3,238c8682dec841e1c5e9e714f606b3b7a11d918c4f883a9636fdf3f1a029521e,efefa1218b4e336cdfcd7bf295ce1b1da6edbe95cc14023ed609e885679cb9fd,0.204398,/tmp/buckeye_slicer_O0_2_f5p6y76o,1,96fe543345484b988752500609cf88f6,26.001085771000362,0.2043984020001517
s06,s0601a,A_O50_8,84,17,0.20238095238095238,8,1,0,0.09523809523809523,0.011904761904761904,0.0,84,17,0.20238095238095238,8,1,0,0.09523809523809523,0.011904761904761904,0.0,245.50644200000008,175.61101099999962,0.7153010306751934,189.3439999999997,42,4.508190476190469,72ea8093df3fb11222b7291a784e2272246d6349ad6d5da63900e79412997498,7742f46ba78ed9fa88c087d5ec69553ce3988bd974cf12b77459f3fa28b99e2d,75124,023d3a80d5ecc488edbaebe60c3d9ba24044951d0425960285743c3ae27e8c2d,a18bc7ea177f69356e16aaf971a8801e9a6fa9a052e2821a8db7fbf638abbe31,3b307fb90a06c2859463ea6b8cb88b5b928c86620ac0b0664b6e094a6bb0665e,75b128fc69a82cc3e01e00aac6b29d41637e63a464dbb8b52de1d111541a3677,3e8715a17cb41d0e47750d0e6d5d5793ef45e6dad65d86ef590db54578311a7b,0.046987,/tmp/buckeye_slicer_A_O50_8_8btz_q3u,1,2f6ab304b8874aae8ed86382e6b23a80,6.962383348000003,0.04698739800005569
s06,s0601a,O25_4_CURRENT,84,14,0.16666666666666666,5,1,0,0.05952380952380952,0.011904761904761904,0.0,84,14,0.16666666666666666,5,1,0,0.05952380952380952,0.011904761904761904,0.0,245.50644200000008,176.5052269999999,0.718943362797787,190.91599999999983,42,4.545619047619043,5c718a3fdc193cf92e8babe55085d9a6c49c09e1bb11c69c0d3e71192acf39c2,7190f16fba4255cc411975b9a2309f08defcc24e3037f27047a34649a5c886c2,150248,0eb547b1e863bddfb1a003ee63e0716f7c4925a7996c095e5f0987bd06fdbe2a,86767bfeeb91b36677ef2fabdacfd41a06128655d02ccfe7627e6eddc01239c5,1e1e05758c1a4cdaee1ce9de6070f23d67aebcec5f079f4dc2fcd2583c819b1d,6c5de810fa2f70d1d2e195718e8661ff581f347c9d6348b0bafe8bd723807f07,d2005edef27cd74cb95ac98d40ae291f57d4376f38348255743330cab36af762,0.003531,/tmp/buckeye_slicer_O25_4_CURRENT_family_lcp_ksdo,1,5b9510bcabf84db095cf0f1bcce3dd66,13.92596845799926,0.003530969999701483
s06,s0601a,O25_4_RMS_PROMINENCE,84,17,0.20238095238095238,6,1,0,0.07142857142857142,0.011904761904761904,0.0,84,17,0.20238095238095238,6,1,0,0.07142857142857142,0.011904761904761904,0.0,245.50644200000008,169.6957129999998,0.6912067627129709,182.6839999999998,42,4.349619047619043,5c718a3fdc193cf92e8babe55085d9a6c49c09e1bb11c69c0d3e71192acf39c2,6eed34bc0e41975aea787aa6cca11730513d270fe247ebfd1ffa9ac358a71ee8,150248,0eb547b1e863bddfb1a003ee63e0716f7c4925a7996c095e5f0987bd06fdbe2a,86767bfeeb91b36677ef2fabdacfd41a06128655d02ccfe7627e6eddc01239c5,1e1e05758c1a4cdaee1ce9de6070f23d67aebcec5f079f4dc2fcd2583c819b1d,87f3defef94e3d2f32183672009f23176f73c34531d1c606206eb589e775e5d2,e1120328534c5eea09c9e51d25eb7f29220d98aaa181bc807ee2d981546560ea,1.994107,/tmp/buckeye_slicer_O25_4_CURRENT_family_lcp_ksdo,0,5b9510bcabf84db095cf0f1bcce3dd66,,1.9941069939995941
s06,s0601a,O25_4_MULTISCALE_RMS,84,16,0.19047619047619047,6,1,0,0.07142857142857142,0.011904761904761904,0.0,84,16,0.19047619047619047,6,1,0,0.07142857142857142,0.011904761904761904,0.0,245.50644200000008,171.40017999999984,0.6981494196392606,184.42399999999978,42,4.3910476190476135,5c718a3fdc193cf92e8babe55085d9a6c49c09e1bb11c69c0d3e71192acf39c2,8517088134ad6c26fbf0bd840f9a2b032305c7e1ef488de19088c30177922e1e,150248,0eb547b1e863bddfb1a003ee63e0716f7c4925a7996c095e5f0987bd06fdbe2a,86767bfeeb91b36677ef2fabdacfd41a06128655d02ccfe7627e6eddc01239c5,1e1e05758c1a4cdaee1ce9de6070f23d67aebcec5f079f4dc2fcd2583c819b1d,0b5dfa25cd333c7de4c759a7782e085aa5e0f08cc44ab101ba94d7d06f210209,b8ae76c75401e1d0fb947f1a6829b6531b5e5162c099c7d671f0a47cfcac1049,2.664671,/tmp/buckeye_slicer_O25_4_CURRENT_family_lcp_ksdo,0,5b9510bcabf84db095cf0f1bcce3dd66,,2.664670946000115
s06,s0601a,O25_4_VALLEY_WIDTH_DEPTH,87,16,0.1839080459770115,7,4,0,0.08045977011494253,0.04597701149425287,0.0,90,19,0.2111111111111111,10,7,0,0.1111111111111111,0.07777777777777778,0.0,245.50644200000008,178.1492269999999,0.7256397247612747,192.22799999999984,45,4.27173333333333,5c718a3fdc193cf92e8babe55085d9a6c49c09e1bb11c69c0d3e71192acf39c2,e798e3c12cc37e64daff6afaaffa114989763042b06b41bea87694fb00f73ac4,150248,0eb547b1e863bddfb1a003ee63e0716f7c4925a7996c095e5f0987bd06fdbe2a,86767bfeeb91b36677ef2fabdacfd41a06128655d02ccfe7627e6eddc01239c5,1e1e05758c1a4cdaee1ce9de6070f23d67aebcec5f079f4dc2fcd2583c819b1d,23dabf411355a7686739fdbb42815dc6fea4989503bb90a523594e806ad685aa,cd3d0337d6989149c0956d26dc88b3a9ce5393c520db6d5018eba6d816ed5f8a,5.69091,/tmp/buckeye_slicer_O25_4_CURRENT_family_lcp_ksdo,0,5b9510bcabf84db095cf0f1bcce3dd66,,5.690909868000745
s06,s0601a,O25_4_BILATERAL_CONTRAST,70,15,0.21428571428571427,6,1,0,0.08571428571428572,0.014285714285714285,0.0,70,15,0.21428571428571427,6,1,0,0.08571428571428572,0.014285714285714285,0.0,245.50644200000008,148.43519099999986,0.604608130812306,158.75999999999988,35,4.535999999999997,5c718a3fdc193cf92e8babe55085d9a6c49c09e1bb11c69c0d3e71192acf39c2,4477cec27f89e9392c7595692272bfc9d4e9d2ea6a0d8ed077a3ede543eb492c,150248,0eb547b1e863bddfb1a003ee63e0716f7c4925a7996c095e5f0987bd06fdbe2a,86767bfeeb91b36677ef2fabdacfd41a06128655d02ccfe7627e6eddc01239c5,1e1e05758c1a4cdaee1ce9de6070f23d67aebcec5f079f4dc2fcd2583c819b1d,ca95181fd5b0c01167d02f3e2005b4af8f98a8993d9540cdd7503f4bf9194f1f,8bf736ddb1917b5afa934893042f5e7a549f7927ae98863279754a37713e4f40,1.991769,/tmp/buckeye_slicer_O25_4_CURRENT_family_lcp_ksdo,0,5b9510bcabf84db095cf0f1bcce3dd66,,1.9917688579998867
s06,s0601a,O25_4_RMS_MIN_PLACEMENT,84,14,0.16666666666666666,5,2,0,0.05952380952380952,0.023809523809523808,0.0,84,14,0.16666666666666666,5,2,0,0.05952380952380952,0.023809523809523808,0.0,245.50644200000008,176.4136509999999,0.7185703542557138,190.0560000000002,42,4.525142857142862,5c718a3fdc193cf92e8babe55085d9a6c49c09e1bb11c69c0d3e71192acf39c2,5930c74812de16b1fe44f10a52c5198d70e2e80042e9205c94a4844f33987aba,150248,0eb547b1e863bddfb1a003ee63e0716f7c4925a7996c095e5f0987bd06fdbe2a,86767bfeeb91b36677ef2fabdacfd41a06128655d02ccfe7627e6eddc01239c5,2bceebaef03cdd2f4de786997d995350857fad89d2abf11d869b2d8dba7bc941,212d47b2a401c2b5ceec6be521579bcc0691b377dd5815f7e3e79d28d53be882,9ed9b8e915d5d28000ceee69f20e4bc77a6ce746d6a651dd29bfb192ba804042,0.030527,/tmp/buckeye_slicer_O25_4_CURRENT_family_lcp_ksdo,0,5b9510bcabf84db095cf0f1bcce3dd66,,0.03052743799980817
s06,s0601a,O25_4_MULTISCALE_MIN,84,17,0.20238095238095238,7,2,0,0.08333333333333333,0.023809523809523808,0.0,84,17,0.20238095238095238,7,2,0,0.08333333333333333,0.023809523809523808,0.0,245.50644200000008,170.0459409999999,0.6926333159111151,181.93600000000038,42,4.331809523809532,5c718a3fdc193cf92e8babe55085d9a6c49c09e1bb11c69c0d3e71192acf39c2,db6682d22e4f4299dee5674792987617ff93e3e12547b95700b4131410477c3b,150248,0eb547b1e863bddfb1a003ee63e0716f7c4925a7996c095e5f0987bd06fdbe2a,86767bfeeb91b36677ef2fabdacfd41a06128655d02ccfe7627e6eddc01239c5,2bceebaef03cdd2f4de786997d995350857fad89d2abf11d869b2d8dba7bc941,2ecd77ce97d9399137a46e2595758d05e881a1f9a27b2e1b145d1e6c66d5316f,6713c57e976967374bd22c7f2bb89a8ba4a2daf31568db0d712608870ba0cea9,2.688012,/tmp/buckeye_slicer_O25_4_CURRENT_family_lcp_ksdo,0,5b9510bcabf84db095cf0f1bcce3dd66,,2.6880122789998495
s06,s0601a,O0_4,78,12,0.15384615384615385,5,0,0,0.0641025641025641,0.0,0.0,78,12,0.15384615384615385,5,0,0,0.0641025641025641,0.0,0.0,245.50644200000008,164.34488199999998,0.6694116890016268,178.10400000000027,39,4.566769230769237,87130029b5443647ed1f1febd32ab768bf957a0a1698217eb3cf14b2d00c6ecf,7742f46ba78ed9fa88c087d5ec69553ce3988bd974cf12b77459f3fa28b99e2d,150248,8914100ccab187fc26b4b3f09b4314a1c09bc850c2610a678201cb449466f5c0,9dac84fe822a391696e2b75130dc396c4eca6d6d2992829aea87c130b63a8a16,8f25cf2140a2df72bb353973605eb76fde33212bd0ecf5da471762d59ba6f1ad,383a56103446678fa5b53765f4cad207e325db5e7a53636c26183006cc1c40ab,e5fb227248ebe83bbb4bc41b248bc624d80860bdfeb599453b542db1b1d49f64,0.080128,/tmp/buckeye_slicer_O0_4_zhs_nd3w,1,e9d54565c143470a932b43ad757b5824,13.451856730000145,0.08012776500072505
s06,s0601a,O0_2,82,12,0.14634146341463414,5,0,0,0.06097560975609756,0.0,0.0,82,12,0.14634146341463414,5,0,0,0.06097560975609756,0.0,0.0,245.50644200000008,172.881789,0.7041843284910624,187.432,41,4.571512195121951,b8f9c3af61c5c18d8b52a1cdb992e5c98e154bc752c5665b52bea987b6d3c947,7742f46ba78ed9fa88c087d5ec69553ce3988bd974cf12b77459f3fa28b99e2d,300496,90e44c20c234316524875297c1ff845f32243e0027025aaec94baf40a735c5a7,6ad6731a6d2201aed7e1e49113bcafd9e33b8152d047e3a361935019704fff52,8f8ec677d19e812ea8cc5a0186a441d5414c299dd4477216829847935331cd61,d4af13c548c2b5173eca92f9ee2964e90cc77c608bcd2fd3753f66d5ee99c3de,155cce285418575604b97ce23ae9d91cfa8b4f9e0ed461b977b7ad2903151f1c,0.164025,/tmp/buckeye_slicer_O0_2_guv3il80,1,68466402ddaa421182382086e5880ef6,27.625364550000086,0.1640253939995091
s08,s0801a,A_O50_8,89,11,0.12359550561797752,6,1,0,0.06741573033707865,0.011235955056179775,0.0,90,11,0.12222222222222222,6,1,0,0.06666666666666667,0.011111111111111112,0.0,298.62118099999964,200.35501699999998,0.6709337104925596,227.96000000000012,45,5.065777777777781,72ea8093df3fb11222b7291a784e2272246d6349ad6d5da63900e79412997498,7742f46ba78ed9fa88c087d5ec69553ce3988bd974cf12b77459f3fa28b99e2d,74475,84e5c32ca10087ffbe01d5e356e44cc17d8e7c20c0375497f2c1e923021b72a4,ac31bcd73a6e7a4f84bae2c340ad064e9507391d823d5b9ca790279b9f7b771d,216e6e9eaacc62d2ed2d0b94839c336b60c16ae3d8544b6f8b729be2bda9ecb6,25e1cf76b86ec62a349a12110e2b9f3442ff8dd3de0374c0a58d911e4a7f20e1,02d392c44f1ef21980565a0e91258b385dfb9a2a89dd9ebdbd2c3de6685de2c4,0.061743,/tmp/buckeye_slicer_A_O50_8_lumyi7m6,1,5555c77a1cbe4da99a95b9fa77b34f01,6.796476678000545,0.061743123999804084
s08,s0801a,O25_4_CURRENT,89,10,0.11235955056179775,5,1,0,0.056179775280898875,0.011235955056179775,0.0,90,10,0.1111111111111111,5,1,0,0.05555555555555555,0.011111111111111112,0.0,298.62118099999964,199.83336899999992,0.6691868551681877,228.18000000000006,45,5.070666666666668,5c718a3fdc193cf92e8babe55085d9a6c49c09e1bb11c69c0d3e71192acf39c2,7190f16fba4255cc411975b9a2309f08defcc24e3037f27047a34649a5c886c2,148949,5b7a628a756dc58959dd72fd74c80ff876b9d3010c27785da864dd460777c0bd,58cab278f67531451ce3cd389acbb9b669be43abe893379a5495e737344380bd,d5980cd1f37183e171a2743e26b15e972b2df6bb6c1fa906a9ddc1e474747a7b,b5de253a9dca0eafb977ea21e0b3ef2ef41c1c35c15a8f9df8893a142b6d703f,98a3ffe5b9fa253cc85bb4b1acc32583beffc63b58ec3b2fe1ea4bc322a1f212,0.005929,/tmp/buckeye_slicer_O25_4_CURRENT_family_0uw1y0ro,1,42b1f2a0509d4003b17516f547312d92,13.463403843999913,0.005929029999606428
s08,s0801a,O25_4_RMS_PROMINENCE,90,15,0.16666666666666666,8,2,0,0.08888888888888889,0.022222222222222223,0.0,92,16,0.17391304347826086,8,2,0,0.08695652173913043,0.021739130434782608,0.0,298.62118099999964,193.54532199999986,0.648129919491545,219.42400000000006,46,4.77008695652174,5c718a3fdc193cf92e8babe55085d9a6c49c09e1bb11c69c0d3e71192acf39c2,6eed34bc0e41975aea787aa6cca11730513d270fe247ebfd1ffa9ac358a71ee8,148949,5b7a628a756dc58959dd72fd74c80ff876b9d3010c27785da864dd460777c0bd,58cab278f67531451ce3cd389acbb9b669be43abe893379a5495e737344380bd,d5980cd1f37183e171a2743e26b15e972b2df6bb6c1fa906a9ddc1e474747a7b,9c06e774be13786cc43ffa1c6b9b1c16419724ee387b17d45526fd1f67004238,cb51de576f8fc8f6272fb735d38d629d4d9065bf695c67690f4e7823e0d88b32,3.29382,/tmp/buckeye_slicer_O25_4_CURRENT_family_0uw1y0ro,0,42b1f2a0509d4003b17516f547312d92,,3.2938204789998053
s08,s0801a,O25_4_MULTISCALE_RMS,89,13,0.14606741573033707,7,1,0,0.07865168539325842,0.011235955056179775,0.0,90,13,0.14444444444444443,7,1,0,0.07777777777777778,0.011111111111111112,0.0,298.62118099999964,195.43315499999986,0.6544517516994218,221.89599999999993,45,4.931022222222221,5c718a3fdc193cf92e8babe55085d9a6c49c09e1bb11c69c0d3e71192acf39c2,8517088134ad6c26fbf0bd840f9a2b032305c7e1ef488de19088c30177922e1e,148949,5b7a628a756dc58959dd72fd74c80ff876b9d3010c27785da864dd460777c0bd,58cab278f67531451ce3cd389acbb9b669be43abe893379a5495e737344380bd,d5980cd1f37183e171a2743e26b15e972b2df6bb6c1fa906a9ddc1e474747a7b,94b35abb792c5588de838d062f51ce24ea93d65e94c5959193d72b57023a8868,a5eadd067c4d59ea5b5f90a6caf96a5a45d5b70cd2e586e733f8ecf103fb1eb0,4.374995,/tmp/buckeye_slicer_O25_4_CURRENT_family_0uw1y0ro,0,42b1f2a0509d4003b17516f547312d92,,4.374994969999534
s08,s0801a,O25_4_VALLEY_WIDTH_DEPTH,96,10,0.10416666666666667,5,0,0,0.052083333333333336,0.0,0.0,104,11,0.10576923076923077,6,0,0,0.057692307692307696,0.0,0.0,298.62118099999964,206.2862369999999,0.6907957309297499,235.45600000000002,52,4.5280000000000005,5c718a3fdc193cf92e8babe55085d9a6c49c09e1bb11c69c0d3e71192acf39c2,e798e3c12cc37e64daff6afaaffa114989763042b06b41bea87694fb00f73ac4,148949,5b7a628a756dc58959dd72fd74c80ff876b9d3010c27785da864dd460777c0bd,58cab278f67531451ce3cd389acbb9b669be43abe893379a5495e737344380bd,d5980cd1f37183e171a2743e26b15e972b2df6bb6c1fa906a9ddc1e474747a7b,a09f5c893842a9a94d8b602f5146178f19f21c05098e41135e9d44d30beadc87,eb7a7f27a1aa7139e76962d8a0eb2d047572e709b9d06efdb91b7c09ecdcf704,9.737433,/tmp/buckeye_slicer_O25_4_CURRENT_family_0uw1y0ro,0,42b1f2a0509d4003b17516f547312d92,,9.737433496999984
s08,s0801a,O25_4_BILATERAL_CONTRAST,85,10,0.11764705882352941,6,1,0,0.07058823529411765,0.011764705882352941,0.0,86,10,0.11627906976744186,6,1,0,0.06976744186046512,0.011627906976744186,0.0,298.62118099999964,186.60940199999993,0.6249034357680079,211.504,43,4.918697674418604,5c718a3fdc193cf92e8babe55085d9a6c49c09e1bb11c69c0d3e71192acf39c2,4477cec27f89e9392c7595692272bfc9d4e9d2ea6a0d8ed077a3ede543eb492c,148949,5b7a628a756dc58959dd72fd74c80ff876b9d3010c27785da864dd460777c0bd,58cab278f67531451ce3cd389acbb9b669be43abe893379a5495e737344380bd,d5980cd1f37183e171a2743e26b15e972b2df6bb6c1fa906a9ddc1e474747a7b,557f59de1d03e441ed3efd8d9881b8bdfbed8a57bd5aa10b16fc14922e9ada06,1d2a48a7111175917b0df310db837755f28a82eb1affa37f585e141cf8d3eb43,3.302574,/tmp/buckeye_slicer_O25_4_CURRENT_family_0uw1y0ro,0,42b1f2a0509d4003b17516f547312d92,,3.30257405500015
s08,s0801a,O25_4_RMS_MIN_PLACEMENT,89,16,0.1797752808988764,7,2,0,0.07865168539325842,0.02247191011235955,0.0,90,17,0.18888888888888888,8,2,0,0.08888888888888889,0.022222222222222223,0.0,298.62118099999964,200.53377899999998,0.6715323351426978,227.5900000000002,45,5.0575555555555605,5c718a3fdc193cf92e8babe55085d9a6c49c09e1bb11c69c0d3e71192acf39c2,5930c74812de16b1fe44f10a52c5198d70e2e80042e9205c94a4844f33987aba,148949,5b7a628a756dc58959dd72fd74c80ff876b9d3010c27785da864dd460777c0bd,58cab278f67531451ce3cd389acbb9b669be43abe893379a5495e737344380bd,ffbec961b76e77a720dd7461cac6e345436b62370caa9ac135e0cf69cf962f43,483ec0cb2a871213d7b758d86b165961177d5978c602f53f733916353fb10723,f5b1aae3cf39bef2eafdfc8391f79050f60f9427a429521bf115f36d6a189f5b,0.049448,/tmp/buckeye_slicer_O25_4_CURRENT_family_0uw1y0ro,0,42b1f2a0509d4003b17516f547312d92,,0.04944844999954512
s08,s0801a,O25_4_MULTISCALE_MIN,89,19,0.21348314606741572,9,4,0,0.10112359550561797,0.0449438202247191,0.0,90,19,0.2111111111111111,9,4,0,0.1,0.044444444444444446,0.0,298.62118099999964,195.29577599999993,0.6539917073062549,220.37800000000018,45,4.897288888888893,5c718a3fdc193cf92e8babe55085d9a6c49c09e1bb11c69c0d3e71192acf39c2,db6682d22e4f4299dee5674792987617ff93e3e12547b95700b4131410477c3b,148949,5b7a628a756dc58959dd72fd74c80ff876b9d3010c27785da864dd460777c0bd,58cab278f67531451ce3cd389acbb9b669be43abe893379a5495e737344380bd,ffbec961b76e77a720dd7461cac6e345436b62370caa9ac135e0cf69cf962f43,4350457ac69d7895c3dca87b3815315c60f5a0e31afaec1930ecc73b375b50b2,1102b55ada5276f69aa7449cf7403bba32cfd1ec464a60e99850420c9184293b,4.430346,/tmp/buckeye_slicer_O25_4_CURRENT_family_0uw1y0ro,0,42b1f2a0509d4003b17516f547312d92,,4.430346185999952
s08,s0801a,O0_4,89,11,0.12359550561797752,2,1,0,0.02247191011235955,0.011235955056179775,0.0,90,11,0.12222222222222222,2,1,0,0.022222222222222223,0.011111111111111112,0.0,298.62118099999964,198.43848599999993,0.6645157765952314,226.94400000000027,45,5.043200000000006,87130029b5443647ed1f1febd32ab768bf957a0a1698217eb3cf14b2d00c6ecf,7742f46ba78ed9fa88c087d5ec69553ce3988bd974cf12b77459f3fa28b99e2d,148949,df1e4e9a11e85c60603570512d9de2c61d4430ca1bfdf3c2564a13d0178aef76,6c9c6ae9aa6a3f824808dd16b3144e3940003b1ba1d982d562e3725ee31074a0,0ccbd8e0ed6e44a7ccf96ac45e89d3b76b91dff15383f7a5a80fe5dd6b4dd6ce,aa23cc441229ef64c0ef084237289b79eb3c0369cc72496c7e445ed3d0eea538,0ceac4f3b1fda55fd4664ed5c09e24527709f5c5cdfcbc3182a14bec8e022cfd,0.102248,/tmp/buckeye_slicer_O0_4_s5c29r78,1,d99cfc513d244f1ca60fac61a89b3a7e,13.770057990999703,0.10224815600031434
s08,s0801a,O0_2,89,12,0.1348314606741573,2,1,0,0.02247191011235955,0.011235955056179775,0.0,90,12,0.13333333333333333,2,1,0,0.022222222222222223,0.011111111111111112,0.0,298.62118099999964,198.43846799999997,0.6645157163181945,226.93200000000016,45,5.042933333333337,b8f9c3af61c5c18d8b52a1cdb992e5c98e154bc752c5665b52bea987b6d3c947,7742f46ba78ed9fa88c087d5ec69553ce3988bd974cf12b77459f3fa28b99e2d,297898,678acc07b07469ef214d423ee026a9976525d0bcb3a16936fe81512a83c61c97,af2158a8eb7986b234a32524746f0cd7abe2d47691661ba2cfcec5ddfe61eea1,527dadcdef8114d3e21165923d8aeade2b7b381380fde5dd1378d0f68d4e2c5e,c1a747bc97eebb0d71f33e8fa609e85d62d5d6b75bad2bec40474fa304dd1c71,5428b8e6417731de981451e45c8069a08b19c4e5d404820dfcf88cf26d48944d,0.194954,/tmp/buckeye_slicer_O0_2_kglhs2xo,1,2f53d9f993024f99839742cc29a6722e,27.20561419599926,0.19495353499951307
s11,s1101a,A_O50_8,92,5,0.05434782608695652,3,0,0,0.03260869565217391,0.0,0.0,92,5,0.05434782608695652,3,0,0,0.03260869565217391,0.0,0.0,285.0435980000001,159.25655800000018,0.5587094715244232,187.27200000000028,46,4.0711304347826145,72ea8093df3fb11222b7291a784e2272246d6349ad6d5da63900e79412997498,7742f46ba78ed9fa88c087d5ec69553ce3988bd974cf12b77459f3fa28b99e2d,75082,a65f4d0444de573db665120dbee0d2a3ac930aa33b062a1732f4d6dbb0efa401,e5f1e908b0168ff7d21190d826a5f59b8d87deba2cbf7fa6a4f79cdf848f9bcc,d902e22bb6deb917c087978b3264108d8348ca1ace75745097c5467c065f0e47,62168ce0509e5b0aeafe51fc112451e8c9407dd0b5b779ae6ad6ba67238e9a11,838866119310f54dc14d18ee4e28cb30f267cacd766dde9cbd2dc3f714646ae6,0.060837,/tmp/buckeye_slicer_A_O50_8_2i6vyxkn,1,96c08bfc8b71418cbc212ebd7101b908,6.906756133000272,0.06083697800022492
s11,s1101a,O25_4_CURRENT,94,5,0.05319148936170213,2,1,0,0.02127659574468085,0.010638297872340425,0.0,94,5,0.05319148936170213,2,1,0,0.02127659574468085,0.010638297872340425,0.0,285.0435980000001,159.29655800000023,0.5588498009346633,192.21600000000007,47,4.089702127659576,5c718a3fdc193cf92e8babe55085d9a6c49c09e1bb11c69c0d3e71192acf39c2,7190f16fba4255cc411975b9a2309f08defcc24e3037f27047a34649a5c886c2,150164,9a631f36688c456171fa05cd0b364ef9254131669eb8bdc504bb947f1b3518e0,e4b655ba2af6696f16e9552950c57adcc479ae2be76b0788614913e8bc414bef,c1a9b7f0975561a79aa50ddfb2ef29436638d5f2ffed81eeedfae331fe893375,ebfe4e8562e44623d7330188283d7f41de6892431d8a71c171a8a24dae4841b1,d21d695a3e1ebe8ab2d63b5055d59bd24a76990056bd7bd6fc10ab4f0b118f40,0.006448,/tmp/buckeye_slicer_O25_4_CURRENT_family_3dv_v_2j,1,dd3a708c24bd4592ac87f09003c37420,13.776117859999431,0.006447988000218174
s11,s1101a,O25_4_RMS_PROMINENCE,94,7,0.07446808510638298,4,0,0,0.0425531914893617,0.0,0.0,94,7,0.07446808510638298,4,0,0,0.0425531914893617,0.0,0.0,285.0435980000001,149.31470400000015,0.5238311088116425,179.08799999999997,47,3.8103829787234034,5c718a3fdc193cf92e8babe55085d9a6c49c09e1bb11c69c0d3e71192acf39c2,6eed34bc0e41975aea787aa6cca11730513d270fe247ebfd1ffa9ac358a71ee8,150164,9a631f36688c456171fa05cd0b364ef9254131669eb8bdc504bb947f1b3518e0,e4b655ba2af6696f16e9552950c57adcc479ae2be76b0788614913e8bc414bef,c1a9b7f0975561a79aa50ddfb2ef29436638d5f2ffed81eeedfae331fe893375,4495c54e1d768868afec1ed7b1ba65363d6aeef91bc5320ec520128b4d80c1e3,a00ca6bcd28081ac96b19dffed3c2c7d30c418cf1765cd243a45968245dc2bf9,3.871739,/tmp/buckeye_slicer_O25_4_CURRENT_family_3dv_v_2j,0,dd3a708c24bd4592ac87f09003c37420,,3.8717389329995058
s11,s1101a,O25_4_MULTISCALE_RMS,94,4,0.0425531914893617,1,0,0,0.010638297872340425,0.0,0.0,94,4,0.0425531914893617,1,0,0,0.010638297872340425,0.0,0.0,285.0435980000001,156.5542730000002,0.5492292200156699,187.348,47,3.9861276595744686,5c718a3fdc193cf92e8babe55085d9a6c49c09e1bb11c69c0d3e71192acf39c2,8517088134ad6c26fbf0bd840f9a2b032305c7e1ef488de19088c30177922e1e,150164,9a631f36688c456171fa05cd0b364ef9254131669eb8bdc504bb947f1b3518e0,e4b655ba2af6696f16e9552950c57adcc479ae2be76b0788614913e8bc414bef,c1a9b7f0975561a79aa50ddfb2ef29436638d5f2ffed81eeedfae331fe893375,7f95d138b650124e8491dd569729a59fd54190e8360a6588389dbc5a51dd2abb,bb42d13d26dbaca5d65d7b7013bb52481e3fe0497de4f5314e3295965021a80c,5.152684,/tmp/buckeye_slicer_O25_4_CURRENT_family_3dv_v_2j,0,dd3a708c24bd4592ac87f09003c37420,,5.152684437000062
s11,s1101a,O25_4_VALLEY_WIDTH_DEPTH,94,5,0.05319148936170213,2,1,0,0.02127659574468085,0.010638297872340425,0.0,94,5,0.05319148936170213,2,1,0,0.02127659574468085,0.010638297872340425,0.0,285.0435980000001,159.29655800000023,0.5588498009346633,192.21600000000007,47,4.089702127659576,5c718a3fdc193cf92e8babe55085d9a6c49c09e1bb11c69c0d3e71192acf39c2,e798e3c12cc37e64daff6afaaffa114989763042b06b41bea87694fb00f73ac4,150164,9a631f36688c456171fa05cd0b364ef9254131669eb8bdc504bb947f1b3518e0,e4b655ba2af6696f16e9552950c57adcc479ae2be76b0788614913e8bc414bef,c1a9b7f0975561a79aa50ddfb2ef29436638d5f2ffed81eeedfae331fe893375,ebfe4e8562e44623d7330188283d7f41de6892431d8a71c171a8a24dae4841b1,d21d695a3e1ebe8ab2d63b5055d59bd24a76990056bd7bd6fc10ab4f0b118f40,11.285401,/tmp/buckeye_slicer_O25_4_CURRENT_family_3dv_v_2j,0,dd3a708c24bd4592ac87f09003c37420,,11.285400957999627
s11,s1101a,O25_4_BILATERAL_CONTRAST,94,3,0.031914893617021274,1,0,0,0.010638297872340425,0.0,0.0,94,3,0.031914893617021274,1,0,0,0.010638297872340425,0.0,0.0,285.0435980000001,154.06254900000016,0.5404876660306545,185.38800000000003,47,3.944425531914894,5c718a3fdc193cf92e8babe55085d9a6c49c09e1bb11c69c0d3e71192acf39c2,4477cec27f89e9392c7595692272bfc9d4e9d2ea6a0d8ed077a3ede543eb492c,150164,9a631f36688c456171fa05cd0b364ef9254131669eb8bdc504bb947f1b3518e0,e4b655ba2af6696f16e9552950c57adcc479ae2be76b0788614913e8bc414bef,c1a9b7f0975561a79aa50ddfb2ef29436638d5f2ffed81eeedfae331fe893375,a3df0e8d7c138a651f9b17011411d4c2986012322df7cba57ed8db15dd0a4f06,f83d0c73d7eb5b7eadf2ab07642f37f2f0ca34a25ff36d476f8c187fa1d427fb,3.852333,/tmp/buckeye_slicer_O25_4_CURRENT_family_3dv_v_2j,0,dd3a708c24bd4592ac87f09003c37420,,3.852333189000092
s11,s1101a,O25_4_RMS_MIN_PLACEMENT,92,8,0.08695652173913043,3,1,0,0.03260869565217391,0.010869565217391304,0.0,92,8,0.08695652173913043,3,1,0,0.03260869565217391,0.010869565217391304,0.0,285.0435980000001,157.32395400000019,0.5519294420357412,187.69,46,4.080217391304347,5c718a3fdc193cf92e8babe55085d9a6c49c09e1bb11c69c0d3e71192acf39c2,5930c74812de16b1fe44f10a52c5198d70e2e80042e9205c94a4844f33987aba,150164,9a631f36688c456171fa05cd0b364ef9254131669eb8bdc504bb947f1b3518e0,e4b655ba2af6696f16e9552950c57adcc479ae2be76b0788614913e8bc414bef,10e58b22e799be169cb855c1a9597e63ec7c8450c86c5000d9a63fc5786f2e63,16dbe74a5ee1ac4488e4d238c909c1a83ad6c2b7100c5d86303a797ec839102b,611b0dab84c7efb8ef3eb60d30818edfb89e346e577cfc43213c2add67e322e7,0.053388,/tmp/buckeye_slicer_O25_4_CURRENT_family_3dv_v_2j,0,dd3a708c24bd4592ac87f09003c37420,,0.05338830400069128
s11,s1101a,O25_4_MULTISCALE_MIN,92,7,0.07608695652173914,3,1,0,0.03260869565217391,0.010869565217391304,0.0,92,7,0.07608695652173914,3,1,0,0.03260869565217391,0.010869565217391304,0.0,285.0435980000001,154.54166900000018,0.542168531706508,182.91400000000004,46,3.976391304347827,5c718a3fdc193cf92e8babe55085d9a6c49c09e1bb11c69c0d3e71192acf39c2,db6682d22e4f4299dee5674792987617ff93e3e12547b95700b4131410477c3b,150164,9a631f36688c456171fa05cd0b364ef9254131669eb8bdc504bb947f1b3518e0,e4b655ba2af6696f16e9552950c57adcc479ae2be76b0788614913e8bc414bef,10e58b22e799be169cb855c1a9597e63ec7c8450c86c5000d9a63fc5786f2e63,f5a3e4d741559ecd5d9b6d53f3034686c57e92b434d0dadf2ac070207192e63b,985a459fefab51f21cba2bb95c5ebb6fe343074bba39f7bfc49ad2d7d618b711,5.158037,/tmp/buckeye_slicer_O25_4_CURRENT_family_3dv_v_2j,0,dd3a708c24bd4592ac87f09003c37420,,5.158037146000424
s11,s1101a,O0_4,94,6,0.06382978723404255,3,2,0,0.031914893617021274,0.02127659574468085,0.0,94,6,0.06382978723404255,3,2,0,0.031914893617021274,0.02127659574468085,0.0,285.0435980000001,157.4182380000002,0.5522602124886178,189.38000000000005,47,4.029361702127661,87130029b5443647ed1f1febd32ab768bf957a0a1698217eb3cf14b2d00c6ecf,7742f46ba78ed9fa88c087d5ec69553ce3988bd974cf12b77459f3fa28b99e2d,150164,598c3ee805362d62a4417e339fe72ecf3cd49808721f2a3a72b74a4efd3a474e,8dba59c45830597bb9af3a721ed6fb965edd09390d6f7daf79a5f8a233f9fb07,d4e5d5642e4ba12315de68462203eb4112f620a80797a1d8f9b0a351d5d17fe4,1cdc92e0ae9111f321b25ca64b1d79c9dc8582059016e503717ce30f0019675c,fe6511108d638097de348e26270d00c7e47a017dad99c5527867eb6b4ad0a845,0.132125,/tmp/buckeye_slicer_O0_4_jotmgxrv,1,c9864b52d46b4288b09e63c9416e5774,13.931376176000413,0.13212518000000273
s11,s1101a,O0_2,94,6,0.06382978723404255,3,1,0,0.031914893617021274,0.010638297872340425,0.0,94,6,0.06382978723404255,3,1,0,0.031914893617021274,0.010638297872340425,0.0,285.0435980000001,159.7315440000001,0.5603758341557281,192.4319999999998,47,4.094297872340421,b8f9c3af61c5c18d8b52a1cdb992e5c98e154bc752c5665b52bea987b6d3c947,7742f46ba78ed9fa88c087d5ec69553ce3988bd974cf12b77459f3fa28b99e2d,300328,f185bf6d57971b1a2fd13797b1b35968751a9fab16c62dbbe2f8e2a56db0a2fc,f1edbf54435d53ea3024cbd13b2c2b1165a6f5c07043fb3ac2f8027f9f0d768c,bc45f82e2cd7c84c22826f0565dd756cc3a69d78f7b65e996c6f00b6915673ee,4de538e641ca0c88512afd2acbe12ad6556091236fe2e659287e867e1cc6a8d7,045273772ac2a5f31eafc9038d2cda4698355e952d2292ed3db731df2070e690,0.196913,/tmp/buckeye_slicer_O0_2_ifoeg8yr,1,a26dcc2655f24e49a9b9681124375904,27.757516583000324,0.1969129110002541
s16,s1601a,A_O50_8,128,8,0.0625,2,0,0,0.015625,0.0,0.0,130,8,0.06153846153846154,2,0,0,0.015384615384615385,0.0,0.0,411.3029530000003,273.20634400000034,0.6642460065196764,301.99199999999996,65,4.6460307692307685,72ea8093df3fb11222b7291a784e2272246d6349ad6d5da63900e79412997498,7742f46ba78ed9fa88c087d5ec69553ce3988bd974cf12b77459f3fa28b99e2d,75001,ac24e8a5e4aa4b24862c80b3e77d0e93c1c4e2433a85e34917a8ef3d5d21004d,401b62b9214b6828f0f6e3fc9a50f4ebf70b369b49fe48430be5339b1a2c94d3,26b316b1768efbfc21325dfb698d64a06d03f7178ee254632142e2907b96008d,40ec53d1b094a17fde768fc5d02f589c1b51800de5f852b7b3e16d8fc15cba10,8120a42d253ff3d1504cfbca77df6c247563b09ab25682c3935c49d4af02b8bc,0.072382,/tmp/buckeye_slicer_A_O50_8_9s35_pa7,1,b7c7db325d42419b830bd8d8279b2236,6.835816039999372,0.07238212500033114
s16,s1601a,O25_4_CURRENT,130,8,0.06153846153846154,3,1,0,0.023076923076923078,0.007692307692307693,0.0,132,8,0.06060606060606061,3,1,0,0.022727272727272728,0.007575757575757576,0.0,411.3029530000003,278.1378340000003,0.6762359277298943,308.19600000000014,66,4.669636363636366,5c718a3fdc193cf92e8babe55085d9a6c49c09e1bb11c69c0d3e71192acf39c2,7190f16fba4255cc411975b9a2309f08defcc24e3037f27047a34649a5c886c2,150001,4379629f1feff55a2d06f99a7f32df69b58f48cb0dc9f056af863c9d81bacae5,b04674e45258b92a518917e9c69355723e2b053b43cc48719f4c35af1d43327c,279e0175c62189a114afca26dd335a89f7bbe87b0c12d8970f78acdb5f0eca4e,51d68b422056f562eddd622bc46c0c51baf748972b9ae0923a85e4e5443f8680,ce8cb2d7b1a5776c360fbc60ed47b721503fffc67bc04806ee7eb554442b74ee,0.006591,/tmp/buckeye_slicer_O25_4_CURRENT_family_buck3_r1,1,a9deca3b9a8140bfbd1d6d7f0ea7c156,13.990793988000405,0.006591043999833346
s16,s1601a,O25_4_RMS_PROMINENCE,130,13,0.1,5,0,0,0.038461538461538464,0.0,0.0,132,13,0.09848484848484848,5,0,0,0.03787878787878788,0.0,0.0,411.3029530000003,276.14926100000014,0.6714011143994872,304.84400000000005,66,4.618848484848486,5c718a3fdc193cf92e8babe55085d9a6c49c09e1bb11c69c0d3e71192acf39c2,6eed34bc0e41975aea787aa6cca11730513d270fe247ebfd1ffa9ac358a71ee8,150001,4379629f1feff55a2d06f99a7f32df69b58f48cb0dc9f056af863c9d81bacae5,b04674e45258b92a518917e9c69355723e2b053b43cc48719f4c35af1d43327c,279e0175c62189a114afca26dd335a89f7bbe87b0c12d8970f78acdb5f0eca4e,d2748837b1f771b8064a5efe5e9fe1228a94888dfe5e0ee20eb5625bdebbaee4,b391fb7bd5877fcb45805ba662be3fb1ebd8a862fadb5c268975fd61a32eff18,3.647275,/tmp/buckeye_slicer_O25_4_CURRENT_family_buck3_r1,0,a9deca3b9a8140bfbd1d6d7f0ea7c156,,3.647274995000771
s16,s1601a,O25_4_MULTISCALE_RMS,129,13,0.10077519379844961,5,1,0,0.03875968992248062,0.007751937984496124,0.0,130,13,0.1,5,1,0,0.038461538461538464,0.007692307692307693,0.0,411.3029530000003,278.7012610000003,0.6776057866037254,307.8760000000001,65,4.736553846153847,5c718a3fdc193cf92e8babe55085d9a6c49c09e1bb11c69c0d3e71192acf39c2,8517088134ad6c26fbf0bd840f9a2b032305c7e1ef488de19088c30177922e1e,150001,4379629f1feff55a2d06f99a7f32df69b58f48cb0dc9f056af863c9d81bacae5,b04674e45258b92a518917e9c69355723e2b053b43cc48719f4c35af1d43327c,279e0175c62189a114afca26dd335a89f7bbe87b0c12d8970f78acdb5f0eca4e,bcff61f4dcf6bbe0728ba6b488b80eaa912e3c1deaeac9f0285a69c21b3be317,8824698b524bd43662bcc28600f74831afc26371f8d746e0b4c65f1c46187db0,4.811938,/tmp/buckeye_slicer_O25_4_CURRENT_family_buck3_r1,0,a9deca3b9a8140bfbd1d6d7f0ea7c156,,4.8119383279999965
s16,s1601a,O25_4_VALLEY_WIDTH_DEPTH,137,6,0.043795620437956206,2,0,0,0.014598540145985401,0.0,0.0,146,6,0.0410958904109589,2,0,0,0.0136986301369863,0.0,0.0,411.3029530000003,284.9122530000002,0.6927065583212576,315.78800000000007,73,4.325863013698631,5c718a3fdc193cf92e8babe55085d9a6c49c09e1bb11c69c0d3e71192acf39c2,e798e3c12cc37e64daff6afaaffa114989763042b06b41bea87694fb00f73ac4,150001,4379629f1feff55a2d06f99a7f32df69b58f48cb0dc9f056af863c9d81bacae5,b04674e45258b92a518917e9c69355723e2b053b43cc48719f4c35af1d43327c,279e0175c62189a114afca26dd335a89f7bbe87b0c12d8970f78acdb5f0eca4e,bd7923fe78c10a689511019627988a853393894d31270a6c4190ebbb4e4f83e2,f9f47de4102de424d3fdc280164fb3a8ecb91c514c063c9d0822156a7c378a26,10.579796,/tmp/buckeye_slicer_O25_4_CURRENT_family_buck3_r1,0,a9deca3b9a8140bfbd1d6d7f0ea7c156,,10.579796259000432
s16,s1601a,O25_4_BILATERAL_CONTRAST,111,7,0.06306306306306306,3,1,0,0.02702702702702703,0.009009009009009009,0.0,112,7,0.0625,3,1,0,0.026785714285714284,0.008928571428571428,0.0,411.3029530000003,234.25545200000022,0.5695447851549951,259.6520000000001,56,4.636642857142859,5c718a3fdc193cf92e8babe55085d9a6c49c09e1bb11c69c0d3e71192acf39c2,4477cec27f89e9392c7595692272bfc9d4e9d2ea6a0d8ed077a3ede543eb492c,150001,4379629f1feff55a2d06f99a7f32df69b58f48cb0dc9f056af863c9d81bacae5,b04674e45258b92a518917e9c69355723e2b053b43cc48719f4c35af1d43327c,279e0175c62189a114afca26dd335a89f7bbe87b0c12d8970f78acdb5f0eca4e,727a7c35788a6eb85dd0911f59bca7ef241551f1e5b394548f53224cac03bf90,fb025f4fdc166dd8831ecec00f309dddf970a86f114996a3888b0fcca637bfea,3.655863,/tmp/buckeye_slicer_O25_4_CURRENT_family_buck3_r1,0,a9deca3b9a8140bfbd1d6d7f0ea7c156,,3.655862773000081
s16,s1601a,O25_4_RMS_MIN_PLACEMENT,128,6,0.046875,2,0,0,0.015625,0.0,0.0,130,7,0.05384615384615385,2,0,0,0.015384615384615385,0.0,0.0,411.3029530000003,277.81442800000036,0.6754496314058804,305.91200000000026,65,4.706338461538466,5c718a3fdc193cf92e8babe55085d9a6c49c09e1bb11c69c0d3e71192acf39c2,5930c74812de16b1fe44f10a52c5198d70e2e80042e9205c94a4844f33987aba,150001,4379629f1feff55a2d06f99a7f32df69b58f48cb0dc9f056af863c9d81bacae5,b04674e45258b92a518917e9c69355723e2b053b43cc48719f4c35af1d43327c,5ae624c61819b3a40ba2903f6e6e62263f006b73bd6e7acb2c171421b8a15953,9d41da7eea324c0d272090192b0dd797ed215a9fc3f2f0e55978dca436e05596,d3066ad627fac7c725b266111e1f8d91aed460f548aed5a9ccb994699bb58480,0.053486,/tmp/buckeye_slicer_O25_4_CURRENT_family_buck3_r1,0,a9deca3b9a8140bfbd1d6d7f0ea7c156,,0.0534862089998569
s16,s1601a,O25_4_MULTISCALE_MIN,127,10,0.07874015748031496,4,0,0,0.031496062992125984,0.0,0.0,128,10,0.078125,4,0,0,0.03125,0.0,0.0,411.3029530000003,276.59379500000034,0.6724819089737976,303.5700000000003,64,4.743281250000004,5c718a3fdc193cf92e8babe55085d9a6c49c09e1bb11c69c0d3e71192acf39c2,db6682d22e4f4299dee5674792987617ff93e3e12547b95700b4131410477c3b,150001,4379629f1feff55a2d06f99a7f32df69b58f48cb0dc9f056af863c9d81bacae5,b04674e45258b92a518917e9c69355723e2b053b43cc48719f4c35af1d43327c,5ae624c61819b3a40ba2903f6e6e62263f006b73bd6e7acb2c171421b8a15953,3fa6890973cacb175d072bbf0269a9de1707ef98cad9daa5e18127e896bdb265,4463c34325d2a4d4b9b54c6adb795ea65f7de5672b3e409cc6c6557dd2a83309,4.912273,/tmp/buckeye_slicer_O25_4_CURRENT_family_buck3_r1,0,a9deca3b9a8140bfbd1d6d7f0ea7c156,,4.9122730899998714
s16,s1601a,O0_4,124,10,0.08064516129032258,5,1,0,0.04032258064516129,0.008064516129032258,0.0,126,11,0.0873015873015873,5,1,0,0.03968253968253968,0.007936507936507936,0.0,411.3029530000003,267.01683400000036,0.649197463943324,295.54799999999994,63,4.691238095238094,87130029b5443647ed1f1febd32ab768bf957a0a1698217eb3cf14b2d00c6ecf,7742f46ba78ed9fa88c087d5ec69553ce3988bd974cf12b77459f3fa28b99e2d,150001,fdf56a7dd78827e76608c052d4dd9fb9b585d3a2f31b47bc3aa91711b549f722,8004f642eee82c9238c7efd9629f3e2735e0206e7f9bfbc1d23a0c6dc4c2c434,834f519c55ecb1d859ea7f0d4c4651970a016c8ef48350d61dfe9eb6ecf09ebf,2fdd54fe123d54e136ba3f7bd6cf43d79e75c71f854280f320b457d8cab2365e,8318f696508e1cf183f78d6baff3d6c15e4e85a9b26e918ae7bc25014db7ead3,0.122308,/tmp/buckeye_slicer_O0_4_xejns1jb,1,7c08b812b9834b05bbce497efd5d21cc,13.925833955999224,0.12230828099927749
s16,s1601a,O0_2,128,9,0.0703125,4,1,0,0.03125,0.0078125,0.0,130,10,0.07692307692307693,4,1,0,0.03076923076923077,0.007692307692307693,0.0,411.3029530000003,274.3212380000004,0.6669566459446261,303.92600000000033,65,4.675784615384621,b8f9c3af61c5c18d8b52a1cdb992e5c98e154bc752c5665b52bea987b6d3c947,7742f46ba78ed9fa88c087d5ec69553ce3988bd974cf12b77459f3fa28b99e2d,300001,4bc031b48ae232cc8d4bd396b09c83c225bd2d831d6c2e9beb15667d18163e68,4a5361ebd135eb562fa67fb724b8aaa0e08d56610d900ac9ca556b9d185a18b1,68d280f34bb9aa96ba2ad4896c286729127d7d9ede9f00f24dfdb7c224b96649,2538c12dcd65128cdce3dd3fe15fdc1de29a6f1b8cef834957b2885b604a2452,1dccfa826031c2e382ca3759dc264615dcf81dde17bd9ba9c7987825bd5a4098,0.228147,/tmp/buckeye_slicer_O0_2_rz1likk4,1,7f32d33816fb4ec896ff6da7ae4b2ffd,27.708090594999703,0.2281474920000619
s22,s2201a,A_O50_8,48,13,0.2708333333333333,7,0,0,0.14583333333333334,0.0,0.0,48,13,0.2708333333333333,7,0,0,0.14583333333333334,0.0,0.0,323.9832690000002,90.14738600000018,0.27824704120755117,104.92800000000014,24,4.372000000000006,72ea8093df3fb11222b7291a784e2272246d6349ad6d5da63900e79412997498,7742f46ba78ed9fa88c087d5ec69553ce3988bd974cf12b77459f3fa28b99e2d,75139,1224add14d577df56f36bc6c33cee7e517e46845798c04764bbb07683fce65d8,6be5510f09b1f9754cfb2789dba0ccb8751556757ea291f3ef95b28f9da9bd7e,70d816d4a7da76734d3c51b5034bd96ab285d271350c7608e3acadc2e6a08cab,007af1db9173451e89fa3b5e2ab7bbaab93149827a28b102d9052532f95828fb,02a05a1bf220948080a05645a78b0f7f884500a3fa6830b3d7cba42e89962caf,0.070162,/tmp/buckeye_slicer_A_O50_8_v71m18j6,1,3f4a34bcd2804a5395bcfbce8cd8ba2e,7.148246387999279,0.07016207000015129
s22,s2201a,O25_4_CURRENT,50,12,0.24,5,0,0,0.1,0.0,0.0,50,12,0.24,5,0,0,0.1,0.0,0.0,323.9832690000002,93.03703900000009,0.2871661838809338,108.13999999999993,25,4.325599999999997,5c718a3fdc193cf92e8babe55085d9a6c49c09e1bb11c69c0d3e71192acf39c2,7190f16fba4255cc411975b9a2309f08defcc24e3037f27047a34649a5c886c2,150278,01f3872c3ac219c0341ba001b5518855d8f46066d6b9210ca37ba10f5293c373,5cad0e4bd3158dc9cd16b8bc8bca2104d57c51572e4d2399b7880402f532b87e,c59085b4ac31ed23eff4fd0e846a6aea949857f0ca99d99e6dd8c5fe00608928,b3bc91c00fc513cccddb699d1b72f821762b856181a71d8a46227d97cde69641,a4735b31474cc100b7622b39b7401f94e8d99e437d20f729d03f1a4e4d242636,0.007922,/tmp/buckeye_slicer_O25_4_CURRENT_family_18sbo8i1,1,8ba866a87f1a482da18bfd8428f4fa75,14.045279523999852,0.007922260000668757
s22,s2201a,O25_4_RMS_PROMINENCE,50,13,0.26,5,0,0,0.1,0.0,0.0,50,13,0.26,5,0,0,0.1,0.0,0.0,323.9832690000002,89.02067000000005,0.2747693431045663,103.17199999999995,25,4.126879999999998,5c718a3fdc193cf92e8babe55085d9a6c49c09e1bb11c69c0d3e71192acf39c2,6eed34bc0e41975aea787aa6cca11730513d270fe247ebfd1ffa9ac358a71ee8,150278,01f3872c3ac219c0341ba001b5518855d8f46066d6b9210ca37ba10f5293c373,5cad0e4bd3158dc9cd16b8bc8bca2104d57c51572e4d2399b7880402f532b87e,c59085b4ac31ed23eff4fd0e846a6aea949857f0ca99d99e6dd8c5fe00608928,f4f355e387a7c901116e21a73eb05599a7028c829805d0edffe3d188eb55a9a5,80ec93f402b842bfc3d84eab7a02d8c872fc13ecb1bc227886903a533885ada8,4.756664,/tmp/buckeye_slicer_O25_4_CURRENT_family_18sbo8i1,0,8ba866a87f1a482da18bfd8428f4fa75,,4.756663506000223
s22,s2201a,O25_4_MULTISCALE_RMS,50,13,0.26,5,0,0,0.1,0.0,0.0,50,13,0.26,5,0,0,0.1,0.0,0.0,323.9832690000002,89.02067000000005,0.2747693431045663,103.3999999999999,25,4.135999999999997,5c718a3fdc193cf92e8babe55085d9a6c49c09e1bb11c69c0d3e71192acf39c2,8517088134ad6c26fbf0bd840f9a2b032305c7e1ef488de19088c30177922e1e,150278,01f3872c3ac219c0341ba001b5518855d8f46066d6b9210ca37ba10f5293c373,5cad0e4bd3158dc9cd16b8bc8bca2104d57c51572e4d2399b7880402f532b87e,c59085b4ac31ed23eff4fd0e846a6aea949857f0ca99d99e6dd8c5fe00608928,16bd890aff7a2809c4499a8b480df019569ae3189e999196e1184f385ae999b7,83c542c67f55379e97be333cd1732feb41db60ec33f1d5db8b5f7b079e8bb3ed,6.347769,/tmp/buckeye_slicer_O25_4_CURRENT_family_18sbo8i1,0,8ba866a87f1a482da18bfd8428f4fa75,,6.347769261000394
s22,s2201a,O25_4_VALLEY_WIDTH_DEPTH,53,12,0.22641509433962265,5,0,0,0.09433962264150944,0.0,0.0,56,12,0.21428571428571427,5,0,0,0.08928571428571429,0.0,0.0,323.9832690000002,93.03980300000005,0.2871747151856783,107.87199999999996,28,3.852571428571427,5c718a3fdc193cf92e8babe55085d9a6c49c09e1bb11c69c0d3e71192acf39c2,e798e3c12cc37e64daff6afaaffa114989763042b06b41bea87694fb00f73ac4,150278,01f3872c3ac219c0341ba001b5518855d8f46066d6b9210ca37ba10f5293c373,5cad0e4bd3158dc9cd16b8bc8bca2104d57c51572e4d2399b7880402f532b87e,c59085b4ac31ed23eff4fd0e846a6aea949857f0ca99d99e6dd8c5fe00608928,20bf7d0d43236fb4784f93e1903595a2a339e340ffe87df4c751faec3e8ce0c5,ebf5e4baf5d04d9ce853b8cabdc4b3bb1358359d54e0674211018718de6c10a4,13.656065,/tmp/buckeye_slicer_O25_4_CURRENT_family_18sbo8i1,0,8ba866a87f1a482da18bfd8428f4fa75,,13.656065438000041
s22,s2201a,O25_4_BILATERAL_CONTRAST,46,13,0.2826086956521739,5,0,0,0.10869565217391304,0.0,0.0,46,13,0.2826086956521739,5,0,0,0.10869565217391304,0.0,0.0,323.9832690000002,82.17752700000008,0.25364744066459816,95.68799999999999,23,4.160347826086956,5c718a3fdc193cf92e8babe55085d9a6c49c09e1bb11c69c0d3e71192acf39c2,4477cec27f89e9392c7595692272bfc9d4e9d2ea6a0d8ed077a3ede543eb492c,150278,01f3872c3ac219c0341ba001b5518855d8f46066d6b9210ca37ba10f5293c373,5cad0e4bd3158dc9cd16b8bc8bca2104d57c51572e4d2399b7880402f532b87e,c59085b4ac31ed23eff4fd0e846a6aea949857f0ca99d99e6dd8c5fe00608928,d19e1ac68abcdd4d26182f3d2abb4849a3a705c59ff4b1d2e9f9198e5753f4d1,c0928528f45ec994832593ccded6db6167ce2408401da1b23c69338413dfa50e,4.737077,/tmp/buckeye_slicer_O25_4_CURRENT_family_18sbo8i1,0,8ba866a87f1a482da18bfd8428f4fa75,,4.7370772410004065
s22,s2201a,O25_4_RMS_MIN_PLACEMENT,50,10,0.2,2,0,0,0.04,0.0,0.0,50,10,0.2,2,0,0,0.04,0.0,0.0,323.9832690000002,93.17041900000022,0.2875778718067079,107.06799999999991,25,4.282719999999997,5c718a3fdc193cf92e8babe55085d9a6c49c09e1bb11c69c0d3e71192acf39c2,5930c74812de16b1fe44f10a52c5198d70e2e80042e9205c94a4844f33987aba,150278,01f3872c3ac219c0341ba001b5518855d8f46066d6b9210ca37ba10f5293c373,5cad0e4bd3158dc9cd16b8bc8bca2104d57c51572e4d2399b7880402f532b87e,ee6fb626f7389ef83b7e32d281c846c313cc941f098a5180528b514f54f18eaf,e73ef03fc2eb5f6ae97105e26eabf15931fdc56136e9a3d7a274c7f10f5b754b,faac296bb8fd3af4ae0bb977d85f3c78923ada24e62404c95ccc154a635eb9ad,0.059945,/tmp/buckeye_slicer_O25_4_CURRENT_family_18sbo8i1,0,8ba866a87f1a482da18bfd8428f4fa75,,0.05994495899994945
s22,s2201a,O25_4_MULTISCALE_MIN,50,12,0.24,4,0,0,0.08,0.0,0.0,50,12,0.24,4,0,0,0.08,0.0,0.0,323.9832690000002,87.5926520000001,0.27036165253335986,100.68199999999995,25,4.0272799999999975,5c718a3fdc193cf92e8babe55085d9a6c49c09e1bb11c69c0d3e71192acf39c2,db6682d22e4f4299dee5674792987617ff93e3e12547b95700b4131410477c3b,150278,01f3872c3ac219c0341ba001b5518855d8f46066d6b9210ca37ba10f5293c373,5cad0e4bd3158dc9cd16b8bc8bca2104d57c51572e4d2399b7880402f532b87e,ee6fb626f7389ef83b7e32d281c846c313cc941f098a5180528b514f54f18eaf,79e025adf4c2b403b2fc9d2c89657151f3fcea9ec09a01a589309d9156902940,fc7f5c899dfd1c368b42f3c4317e29b07f091a4e75e783e081ecd74ca928cea2,6.366313,/tmp/buckeye_slicer_O25_4_CURRENT_family_18sbo8i1,0,8ba866a87f1a482da18bfd8428f4fa75,,6.366313356999854
s22,s2201a,O0_4,50,11,0.22,5,0,0,0.1,0.0,0.0,50,11,0.22,5,0,0,0.1,0.0,0.0,323.9832690000002,90.38155900000012,0.2789698347046436,104.86000000000034,25,4.194400000000013,87130029b5443647ed1f1febd32ab768bf957a0a1698217eb3cf14b2d00c6ecf,7742f46ba78ed9fa88c087d5ec69553ce3988bd974cf12b77459f3fa28b99e2d,150278,0ce061090530239770edf792f95f853bc9f1f3e58b0b9a9bb114d0c6d07c643a,9c5a4d8109a4551d91a364e053ff0ebd6fa7fc93116be92f0b56f171adff8889,e8e1356e266f6b0aec4d494e7815e79eff50fd33555c63fbd11937996f006a2d,9961894719866e44f4dd6e6efc96602899f314d1ff114ed10aa81476a564ef55,6c4b1831fe8c2fd13c5e07fa75cde6bbc94d458784330b8939da412c0525abd0,0.111015,/tmp/buckeye_slicer_O0_4_d_kfpc8r,1,dad853867bd5475099aa1107431a5ea4,13.958290046999537,0.11101521399996273
s22,s2201a,O0_2,54,11,0.2037037037037037,5,0,0,0.09259259259259259,0.0,0.0,54,11,0.2037037037037037,5,0,0,0.09259259259259259,0.0,0.0,323.9832690000002,96.09545200000015,0.2966062176500852,111.68800000000027,27,4.136592592592603,b8f9c3af61c5c18d8b52a1cdb992e5c98e154bc752c5665b52bea987b6d3c947,7742f46ba78ed9fa88c087d5ec69553ce3988bd974cf12b77459f3fa28b99e2d,300555,ba353332fa072e9a3573283447d58ba71055aca48a8332e9d2948027e6e3b733,79b9a64444d07fdaff6499714dfe431bf8697ada31b19070e63c61af7a583198,1958bc64edae3a326cce3499183e9586ec29591717894b788f392e0158816ad2,24ac0da8af12c646343a4688f40daf301c48e324d71ec7957c957876dbf5cebb,8c337afb4f3d89561dba3b6aeecbd5eb80d59852feb41388ca7d5b953cb5bb94,0.210277,/tmp/buckeye_slicer_O0_2_l5zaurkz,1,e1910a261f13452ea2abec4ee9d65dda,28.30990901200039,0.21027736899941374
s24,s2401b,A_O50_8,62,5,0.08064516129032258,3,0,0,0.04838709677419355,0.0,0.0,62,5,0.08064516129032258,3,0,0,0.04838709677419355,0.0,0.0,255.15574200000026,120.9899500000002,0.47418078484786785,132.93599999999986,31,4.288258064516125,72ea8093df3fb11222b7291a784e2272246d6349ad6d5da63900e79412997498,7742f46ba78ed9fa88c087d5ec69553ce3988bd974cf12b77459f3fa28b99e2d,71353,f75cee05cd7bc190cf1478d2193ef86d6b556a8c15f27b274ba90581164707ec,7106044d25cbc7d690b10e0a585b4f6a6b0831ce439b39d41e37fff805ee3504,5cb22e54be665b5bde25e4bd6fb0eff4046b73e8b62f34109bbd22546bee6673,05d50c8b0288bfba456696365c45c1e6a8eabf94615197f586fda7fedd194431,a5c2b6a32b0e4587e65f3e761159b86477a7bd267b35569f57ea4f9c148f2d15,0.049763,/tmp/buckeye_slicer_A_O50_8_g_b_ezbi,1,34ad7aec5864413592dd4e2dfa4d8385,6.640776539000399,0.04976346300009027
s24,s2401b,O25_4_CURRENT,64,6,0.09375,2,0,0,0.03125,0.0,0.0,64,6,0.09375,2,0,0,0.03125,0.0,0.0,255.15574200000026,124.20065400000009,0.48676409563222744,137.49999999999991,32,4.296874999999997,5c718a3fdc193cf92e8babe55085d9a6c49c09e1bb11c69c0d3e71192acf39c2,7190f16fba4255cc411975b9a2309f08defcc24e3037f27047a34649a5c886c2,142705,0eaa155ae96403d491633ad8726942319f0f4e3d0ca99c624a541e4ed1a11d53,91d5466284a231bcc9db5be27e1b9caa304b95d360c77f5e9b7c3cb95e46697a,e067be00a6c118c5fcb338d5f8d4fb2f4d0da6638e08c7c5510121ebe9452dbf,c18dfb4e4998e2462c1be07dd735d2e649a387d083735841f920f2d2466c063d,c5bbfe8422b5269bec09d2df2b422abc1ebec1aebc37f7b568e193efbce63bd0,0.004579,/tmp/buckeye_slicer_O25_4_CURRENT_family_vm_btmxa,1,eddf721a8db1463c9d6ba98d8263b254,13.204162976999214,0.004578744000355073
s24,s2401b,O25_4_RMS_PROMINENCE,64,8,0.125,4,2,0,0.0625,0.03125,0.0,64,8,0.125,4,2,0,0.0625,0.03125,0.0,255.15574200000026,117.40813800000005,0.46014303687510166,129.74799999999996,32,4.054624999999999,5c718a3fdc193cf92e8babe55085d9a6c49c09e1bb11c69c0d3e71192acf39c2,6eed34bc0e41975aea787aa6cca11730513d270fe247ebfd1ffa9ac358a71ee8,142705,0eaa155ae96403d491633ad8726942319f0f4e3d0ca99c624a541e4ed1a11d53,91d5466284a231bcc9db5be27e1b9caa304b95d360c77f5e9b7c3cb95e46697a,e067be00a6c118c5fcb338d5f8d4fb2f4d0da6638e08c7c5510121ebe9452dbf,6bd563636c8c89dd17b5a4242ee2c4a7f632fdbf9b9588b2cb2b4e0f255b7717,7febac818d76bce1c772507b751c84634944b6911390806e3d91c2dd640a443e,2.495735,/tmp/buckeye_slicer_O25_4_CURRENT_family_vm_btmxa,0,eddf721a8db1463c9d6ba98d8263b254,,2.495735393999894
s24,s2401b,O25_4_MULTISCALE_RMS,64,6,0.09375,2,0,0,0.03125,0.0,0.0,64,6,0.09375,2,0,0,0.03125,0.0,0.0,255.15574200000026,121.57761300000008,0.4764839389740246,134.16399999999996,32,4.192624999999999,5c718a3fdc193cf92e8babe55085d9a6c49c09e1bb11c69c0d3e71192acf39c2,8517088134ad6c26fbf0bd840f9a2b032305c7e1ef488de19088c30177922e1e,142705,0eaa155ae96403d491633ad8726942319f0f4e3d0ca99c624a541e4ed1a11d53,91d5466284a231bcc9db5be27e1b9caa304b95d360c77f5e9b7c3cb95e46697a,e067be00a6c118c5fcb338d5f8d4fb2f4d0da6638e08c7c5510121ebe9452dbf,7ccfca42de7000b3052cd2f0a31069056adac2cc852d2f23bc9b44a6eb70f2f6,c9a56d040d49a94610b45c7e7280e5590ba7531bbd223ff39a6eafa94192e7d6,3.315252,/tmp/buckeye_slicer_O25_4_CURRENT_family_vm_btmxa,0,eddf721a8db1463c9d6ba98d8263b254,,3.3152521819993126
s24,s2401b,O25_4_VALLEY_WIDTH_DEPTH,66,6,0.09090909090909091,2,0,0,0.030303030303030304,0.0,0.0,68,6,0.08823529411764706,2,0,0,0.029411764705882353,0.0,0.0,255.15574200000026,124.20065400000009,0.48676409563222744,137.49999999999991,34,4.044117647058821,5c718a3fdc193cf92e8babe55085d9a6c49c09e1bb11c69c0d3e71192acf39c2,e798e3c12cc37e64daff6afaaffa114989763042b06b41bea87694fb00f73ac4,142705,0eaa155ae96403d491633ad8726942319f0f4e3d0ca99c624a541e4ed1a11d53,91d5466284a231bcc9db5be27e1b9caa304b95d360c77f5e9b7c3cb95e46697a,e067be00a6c118c5fcb338d5f8d4fb2f4d0da6638e08c7c5510121ebe9452dbf,63049573036f33f4f931308a7db79670c49336a32b3739c9b4610f8c4e8093df,b2650388fea6471f8e30a3b293815d62db6877ba51fc453760e378ac98da9b50,7.148913,/tmp/buckeye_slicer_O25_4_CURRENT_family_vm_btmxa,0,eddf721a8db1463c9d6ba98d8263b254,,7.148912865999591
s24,s2401b,O25_4_BILATERAL_CONTRAST,38,5,0.13157894736842105,2,0,0,0.05263157894736842,0.0,0.0,38,5,0.13157894736842105,2,0,0,0.05263157894736842,0.0,0.0,255.15574200000026,74.97652800000014,0.2938461326102552,82.83600000000001,19,4.359789473684211,5c718a3fdc193cf92e8babe55085d9a6c49c09e1bb11c69c0d3e71192acf39c2,4477cec27f89e9392c7595692272bfc9d4e9d2ea6a0d8ed077a3ede543eb492c,142705,0eaa155ae96403d491633ad8726942319f0f4e3d0ca99c624a541e4ed1a11d53,91d5466284a231bcc9db5be27e1b9caa304b95d360c77f5e9b7c3cb95e46697a,e067be00a6c118c5fcb338d5f8d4fb2f4d0da6638e08c7c5510121ebe9452dbf,a86c9ca1368747713f4403bf5de74e13d2a34ade3e3be405a537747feb42a8da,50e283966e862b11d4c9c5f20aa03da618fca17b8d477db0eea86d0a6aa18b9e,2.491264,/tmp/buckeye_slicer_O25_4_CURRENT_family_vm_btmxa,0,eddf721a8db1463c9d6ba98d8263b254,,2.491263686999446
s24,s2401b,O25_4_RMS_MIN_PLACEMENT,64,6,0.09375,2,0,0,0.03125,0.0,0.0,64,6,0.09375,2,0,0,0.03125,0.0,0.0,255.15574200000026,124.17463600000012,0.48666212653760305,136.9699999999999,32,4.280312499999997,5c718a3fdc193cf92e8babe55085d9a6c49c09e1bb11c69c0d3e71192acf39c2,5930c74812de16b1fe44f10a52c5198d70e2e80042e9205c94a4844f33987aba,142705,0eaa155ae96403d491633ad8726942319f0f4e3d0ca99c624a541e4ed1a11d53,91d5466284a231bcc9db5be27e1b9caa304b95d360c77f5e9b7c3cb95e46697a,d43ea6c4b03bd2b7e303f9bfa2b76d4ab92d3ec80275ce928a5857071f509728,8029f26cd51da0d152097695fae647cc5b70705058f001dc3ef6633417e518d9,10672d6b6dd90db96f49a6384c7b85f4766b9b091db43338e719e3b301bd055c,0.036558,/tmp/buckeye_slicer_O25_4_CURRENT_family_vm_btmxa,0,eddf721a8db1463c9d6ba98d8263b254,,0.03655807199993433
s24,s2401b,O25_4_MULTISCALE_MIN,64,6,0.09375,2,0,0,0.03125,0.0,0.0,64,6,0.09375,2,0,0,0.03125,0.0,0.0,255.15574200000026,121.79803400000013,0.47734780744224836,133.7179999999999,32,4.178687499999997,5c718a3fdc193cf92e8babe55085d9a6c49c09e1bb11c69c0d3e71192acf39c2,db6682d22e4f4299dee5674792987617ff93e3e12547b95700b4131410477c3b,142705,0eaa155ae96403d491633ad8726942319f0f4e3d0ca99c624a541e4ed1a11d53,91d5466284a231bcc9db5be27e1b9caa304b95d360c77f5e9b7c3cb95e46697a,d43ea6c4b03bd2b7e303f9bfa2b76d4ab92d3ec80275ce928a5857071f509728,9194c65ee4d507001926c011346126fa8850bc3f9737981b230088dd32205a44,0fed4e2d741c290cd0d02dc96cb980d49f7c93c5e4f02e9a0910ee20966567a0,3.346662,/tmp/buckeye_slicer_O25_4_CURRENT_family_vm_btmxa,0,eddf721a8db1463c9d6ba98d8263b254,,3.3466622220003046
s24,s2401b,O0_4,64,4,0.0625,3,0,0,0.046875,0.0,0.0,64,4,0.0625,3,0,0,0.046875,0.0,0.0,255.15574200000026,124.16631200000013,0.4866295033250712,137.33599999999973,32,4.2917499999999915,87130029b5443647ed1f1febd32ab768bf957a0a1698217eb3cf14b2d00c6ecf,7742f46ba78ed9fa88c087d5ec69553ce3988bd974cf12b77459f3fa28b99e2d,142705,0dce2d458ff601f38e4dc487936f61e08548639d10c8a1d7f09690dd1bda3d17,ca61bdb2a60387bedff20951954a6ecc69e59229a58e673220cac57e5b1a85b7,3f227c1846343c12e801ae09797275353a3a6123405757aef6836333917d67bd,5dd10fbaac0856b87213c68127860dd69c68040678413b2495cc02efb90b2c5d,29a9718da0787e7a06c419e78612d1407dc4cdd632fa31370d416365b4dac3f7,0.085642,/tmp/buckeye_slicer_O0_4_blt9nxlw,1,efdb0bfee56d4af68823bf39c9ec67af,13.173772113000268,0.08564156899956288
s24,s2401b,O0_2,64,3,0.046875,3,0,0,0.046875,0.0,0.0,64,3,0.046875,3,0,0,0.046875,0.0,0.0,255.15574200000026,124.19045600000014,0.4867241278857836,137.40799999999993,32,4.293999999999998,b8f9c3af61c5c18d8b52a1cdb992e5c98e154bc752c5665b52bea987b6d3c947,7742f46ba78ed9fa88c087d5ec69553ce3988bd974cf12b77459f3fa28b99e2d,285410,f9b63b5ad2fb938d8c0f940a018fc292b897889697e966bcc6a43976d2946f64,9aefa39e899ddd930040d2b839607ed3d84d5e10d60ac75facdb90e372340b71,219db56c6ccdd56e4bc78a9c2c87600eba3c38dde8078a87b149813d56754390,3c2c3e88442c72309519a2e1f04384675113c3ccfd8d1e4a9ac7bd9235a35526,575f9abd500e769f1330a4f4c10f86253362db0f789636c7454b84b8693279ef,0.166602,/tmp/buckeye_slicer_O0_2_c56h1m79,1,144571982f7c43fe8b8cfc48d59bc855,26.461384342999736,0.1666016170001967
