speaker_id,recording_id,geometry,unique_cutpoint_count,inside_phone_count,inside_phone_rate,depth_gt_20ms_count,depth_gt_50ms_count,depth_gt_100ms_count,depth_gt_20ms_rate,depth_gt_50ms_rate,depth_gt_100ms_rate,edge_occurrence_count,edge_inside_phone_count,edge_inside_phone_rate,edge_depth_gt_20ms_count,edge_depth_gt_50ms_count,edge_depth_gt_100ms_count,edge_depth_gt_20ms_rate,edge_depth_gt_50ms_rate,edge_depth_gt_100ms_rate,eligible_target_speech_sec,retained_target_speech_sec,speech_coverage,emitted_audio_sec,clip_count,mean_clip_duration_sec,geometry_fingerprint,policy_fingerprint,vad_observation_count,vad_timestamp_sha256,vad_probability_sha256,candidate_cutpoint_sha256,selected_cutpoint_sha256,selected_clip_sha256,elapsed_sec,workdir
s01,s0101b,A_O50_8,61,12,0.19672131147540983,7,1,0,0.11475409836065574,0.01639344262295082,0.0,62,13,0.20967741935483872,7,1,0,0.11290322580645161,0.016129032258064516,0.0,209.11561500000002,146.16466499999984,0.6989658089377966,160.66400000000013,31,5.182709677419359,72ea8093df3fb11222b7291a784e2272246d6349ad6d5da63900e79412997498,7742f46ba78ed9fa88c087d5ec69553ce3988bd974cf12b77459f3fa28b99e2d,69829,b5f8a95b25d461ec3215edf05f53a64020c432b08d7f50d8cefb5751856aba9b,384a554710434280e25c770cc87360cb0d79a3166be9cd62ec7f621d1a8f1c9b,835a283ac8a08d15a2c476ee85cc1038028df075c42b92849fa378efb48602be,fde371348ffd3e0de0343f96160d7e7ec8b17b02029203168bb09da0d9d03b61,6694f87bbf9bec0d96aa648a36a3c853910f2b919a606e785e1a7ee36fa5ab25,8.278774,/tmp/buckeye_slicer_A_O50_8_jp9h4v0f
s01,s0101b,D_O0_8,53,9,0.16981132075471697,4,1,0,0.07547169811320754,0.018867924528301886,0.0,54,9,0.16666666666666666,4,1,0,0.07407407407407407,0.018518518518518517,0.0,209.11561500000002,125.40575199999985,0.5996957807287602,138.65600000000003,27,5.135407407407409,b35b56fbf50e01487bef7f59ef870fe839ea7b8d3f84afb9014d7c5503a3e4dc,7742f46ba78ed9fa88c087d5ec69553ce3988bd974cf12b77459f3fa28b99e2d,69829,962658f962094f595f9b0cebfc00f56d83bd6d61daccfc01f6173c09c7055bc6,874417e3c83753978674a246cbdf37bdb8f41ee28bc6e79eb69892f80bb5a37b,919e164726688c2b703b3f629f60ccb1d9ac0f7278041a59994a0f650f221e80,fc3091eebbf3ed5a9c717b82cd53e2fabbfd40bd8b92f8b184bea9a27ac54b93,e9b3e8da1848e91e41072705207748d1d321528a01ab07ccb74231c93652581c,7.580447,/tmp/buckeye_slicer_D_O0_8_o50_yqtl
s01,s0101b,O75_8,64,16,0.25,8,1,0,0.125,0.015625,0.0,66,18,0.2727272727272727,8,1,0,0.12121212121212122,0.015151515151515152,0.0,209.11561500000002,152.2193529999999,0.7279195912749026,168.28799999999998,33,5.099636363636363,fb0d6f897d9dcf0b7e0660df48ca28e01a7ed3c98bca74d8793f14eba515dc41,7742f46ba78ed9fa88c087d5ec69553ce3988bd974cf12b77459f3fa28b99e2d,69829,1d5e4b88b5cbe503ce83f5cf428355ff1ce32f5af824b369433a437f302ddeed,7741e234f44837d122e883ef2ce010cbe1c12024a19284b964358d825c395aab,6d405079f66d3f0dc9ad2e47105ba6d81c553673fe4fe133dbb467a189f21448,c2e13f190dac0f6eac743fdcbc38be70bbfb4582efde347052ca0f4e1268a4ae,02bff6c7af533d3e474623b9247305bbe11a16c7d78343fdfa2a9bc6da7cf9cb,7.497506,/tmp/buckeye_slicer_O75_8_oc33a0ru
s01,s0101b,O25_8,59,9,0.15254237288135594,3,1,0,0.05084745762711865,0.01694915254237288,0.0,60,9,0.15,3,1,0,0.05,0.016666666666666666,0.0,209.11561500000002,138.35838499999986,0.6616358371898715,152.31199999999987,30,5.077066666666663,f3dacc6d02c6a2fd8381c8a61319b8af6361c86e0ac1d1b5ebaf6e1d7b96eaec,7742f46ba78ed9fa88c087d5ec69553ce3988bd974cf12b77459f3fa28b99e2d,69829,3e82e2c0a8af1fa22852d4f441f52a626d925f05020a5bdc8d99704c36069111,638c0c7c024e30bae6a96d14cc38aa4bf292ff704047c83a05904d4543fe0a86,87c7ae26b1748fb846d8ed1288c83472e7467b6058c52f2fcfbeece2546b801c,16909841748f36d84d77eb4594e50fadd864cd8ba203388ac41ae2108096c97b,e3575002d1a82014de8b42be81e6dd14988968faeb316de26fa396ce925432c0,7.450622,/tmp/buckeye_slicer_O25_8_2_hz6fs1
s01,s0101b,O50_4,61,12,0.19672131147540983,5,1,0,0.08196721311475409,0.01639344262295082,0.0,62,13,0.20967741935483872,5,1,0,0.08064516129032258,0.016129032258064516,0.0,209.11561500000002,146.19266499999983,0.6990997061601537,160.85200000000017,31,5.188774193548393,663af3576597e4bfc82d3a4a28767d0d007bba5bc57790ca6cbea3de5be4a0ad,7742f46ba78ed9fa88c087d5ec69553ce3988bd974cf12b77459f3fa28b99e2d,139658,7a283374ec4c9b1f1f53702d503914b2d7e57d9762201283bdaeccc476fdc07a,de351edc565d9cce90b3eb7ff9410b4e506aa789603fe841b638d69dcd44540c,e038bbb653c4e62ec135d1c16b7496ad2d98313b7750a8fbd83bd75fb7af44f6,fc142a97db1789407db088c4c4ace287f34c5eefe610c8fa0bd28766e47e2038,0f44590c9a3b74d7604963ec370fd1a873ca60e5c1ea9c3a5d663e0ba40f0bfc,15.045505,/tmp/buckeye_slicer_O50_4_jw1qtbad
s01,s0101b,O25_4,59,10,0.1694915254237288,4,1,0,0.06779661016949153,0.01694915254237288,0.0,60,10,0.16666666666666666,4,1,0,0.06666666666666667,0.016666666666666666,0.0,209.11561500000002,138.33045599999988,0.6615022794926141,152.244,30,5.0748,5c718a3fdc193cf92e8babe55085d9a6c49c09e1bb11c69c0d3e71192acf39c2,7742f46ba78ed9fa88c087d5ec69553ce3988bd974cf12b77459f3fa28b99e2d,139658,ab91a53220904c729eba6f2b4508bc5eb537415a15619e2bd9f6dc755686c64a,d5c0cc36494cec66400e90f4f9b9ac285361a8c684e8b20c9c5ee6484d9ade54,1bd14ce4c5f67d2fb21777d94e8a5a56097fb455384b65c1e209912dd015d8fe,9fa8643b6b061a68f84045aaf60bfd71b4ce0a1133f4ea53c8e1e7b407c8cd58,6db0490f3b1917dce995d8fdf1cbe1a445c222dc4ccd8e65285ef8064675cab5,15.019029,/tmp/buckeye_slicer_O25_4_w371lluz
s01,s0101b,O0_4,55,9,0.16363636363636364,5,0,0,0.09090909090909091,0.0,0.0,56,9,0.16071428571428573,5,0,0,0.08928571428571429,0.0,0.0,209.11561500000002,130.0281159999999,0.6218001271688864,143.732,28,5.133285714285714,87130029b5443647ed1f1febd32ab768bf957a0a1698217eb3cf14b2d00c6ecf,7742f46ba78ed9fa88c087d5ec69553ce3988bd974cf12b77459f3fa28b99e2d,139658,2782d4bb2a530808626b99eae1aeb3e51d6e4981e47584d4f3e9692b56a234f9,4e4584a5863e2d63a13b5175a0fbfdfe0457ab33a360df8c79c4a4b8e17f170c,2ab0ebe3ad0f23b799a7659fd42449a681a6c2a7f2281a69787839c75731ca57,859d0c4cd3b83eaf7502c4710a4394c7135806d330b5d8a746af01d127bd64d8,b30ca7cab60532a8eb945a34f5853f41ceeff0068be93bf74e3f95fd318082ca,15.004129,/tmp/buckeye_slicer_O0_4_ed571s7x
s02,s0201b,A_O50_8,23,2,0.08695652173913043,0,0,0,0.0,0.0,0.0,26,2,0.07692307692307693,0,0,0,0.0,0.0,0.0,84.13449100000008,65.20768599999997,0.7750410708492894,71.96800000000003,13,5.536000000000002,72ea8093df3fb11222b7291a784e2272246d6349ad6d5da63900e79412997498,7742f46ba78ed9fa88c087d5ec69553ce3988bd974cf12b77459f3fa28b99e2d,32484,8b2efa05a43b198d1fc7be34bc4d73cdbd2fe9258a1118ced61c942016203f41,68734076bed194547a53560ffd2079703f6cd9c224ffa7d03ddb39f86eb75b8a,41f59f5212a17f99a1653d1d17cf5ec3a663aaaba2ef7be5c145745fcb8a3fcc,ada5ac545f7aaee1808b6708f893bb20b03251d005a4efd6005aa56a309d7ad4,bcb6a571f8b361d387e736ec13f8d13acd5ae2809a705d0d0b58e9a2071fc64c,6.018021,/tmp/buckeye_slicer_A_O50_8_77y2btjr
s02,s0201b,D_O0_8,18,1,0.05555555555555555,1,0,0,0.05555555555555555,0.0,0.0,18,1,0.05555555555555555,1,0,0,0.05555555555555555,0.0,0.0,84.13449100000008,41.37084499999999,0.4917227703915146,46.36800000000005,9,5.1520000000000055,b35b56fbf50e01487bef7f59ef870fe839ea7b8d3f84afb9014d7c5503a3e4dc,7742f46ba78ed9fa88c087d5ec69553ce3988bd974cf12b77459f3fa28b99e2d,32484,7764fc90e1c0ed7b572c39b39598fc51e57885c599e326fabe3c27dd497f4c20,7ab18180177334e785d91da63393962528534f92dda4c2c63df2c2c686c700a9,7b85bf54f00f0b0faf61dcdf6e7acb9e60cef23df79d9c3d481fcbd07a6a07f3,3ceaca14370472d125444d5a7a58a2c0cae850e2671681f88a8e5e6a0ff88476,faf10dcb889871528f14673acefa45dc8b6a5c1600028b710a5edd2bea227fdd,3.389978,/tmp/buckeye_slicer_D_O0_8_0gksknqn
s02,s0201b,O75_8,24,4,0.16666666666666666,2,1,0,0.08333333333333333,0.041666666666666664,0.0,26,4,0.15384615384615385,2,1,0,0.07692307692307693,0.038461538461538464,0.0,84.13449100000008,67.16262499999996,0.7982769516012155,74.44000000000003,13,5.726153846153848,fb0d6f897d9dcf0b7e0660df48ca28e01a7ed3c98bca74d8793f14eba515dc41,7742f46ba78ed9fa88c087d5ec69553ce3988bd974cf12b77459f3fa28b99e2d,32484,e067ec094ea62e18b7c1d5a7d07d59bcced2ed7c68acd02b2c14fc007caf8ee5,44fdf8af00d197979bbf5d755b55fea4af492f6e90b94bad84e3fee7354f7f48,0105ab3512435df68083c0b887f7b2c056e0778787e7be7ace8ec69c15199c65,b29273ac41f9fe5fe3e813af2484f2ebe20b573970dc41eabb5701dea7cc2814,0dc9b0266be32fc531e891fe72ba18d3acd83ceaa68d2e7dd535c2c34727f47b,3.290018,/tmp/buckeye_slicer_O75_8_yyibkyn9
s02,s0201b,O25_8,22,1,0.045454545454545456,0,0,0,0.0,0.0,0.0,24,1,0.041666666666666664,0,0,0,0.0,0.0,0.0,84.13449100000008,65.22279799999998,0.7752206880291214,72.09600000000003,12,6.008000000000003,f3dacc6d02c6a2fd8381c8a61319b8af6361c86e0ac1d1b5ebaf6e1d7b96eaec,7742f46ba78ed9fa88c087d5ec69553ce3988bd974cf12b77459f3fa28b99e2d,32484,8618eb6bffb5914773bbe7b9284706c6b420ef4e6b8be82d6822c70182ef4201,b36ad194eb2a0b63950a766fc1120540b2d220918fb6cbc0949ad47d70042596,758037d150d7a866435b49c1a287bea2aab998250248080ebe1b4eecf7dc990b,629860c64fe78e088dd4f49b44144d07bbf88ebaa84c91b343a8421fd97a8f1a,ba3c03d6a29a8d6cf31057f0ae89bd2e242ff6c699bc9907537afb335f347757,3.348623,/tmp/buckeye_slicer_O25_8_zdgcdutc
s02,s0201b,O50_4,23,2,0.08695652173913043,0,0,0,0.0,0.0,0.0,26,2,0.07692307692307693,0,0,0,0.0,0.0,0.0,84.13449100000008,65.20768599999997,0.7750410708492894,72.03200000000001,13,5.540923076923078,663af3576597e4bfc82d3a4a28767d0d007bba5bc57790ca6cbea3de5be4a0ad,7742f46ba78ed9fa88c087d5ec69553ce3988bd974cf12b77459f3fa28b99e2d,64968,a36cb53805f5bf1180cc44a760da53e28f992af72b81b5e07adbf06663f7abee,b67fe8498699670c2772bf8a7381dd3ec0219ee204811c1f3f57b9965cefa561,b5c40f80114d24ed719e799510b8a70ff09f7c10ff74d1897abcbdd9d82e4233,dbd187a6f2dccfac49aa72c63161a140c62b2d42f82dd41b91de4924c03077bb,6574a6bc2ab43fb5fc491be7c9040885429cbbeba936c38c06550fe58209de74,6.618141,/tmp/buckeye_slicer_O50_4_jadsd200
s02,s0201b,O25_4,22,2,0.09090909090909091,0,0,0,0.0,0.0,0.0,24,2,0.08333333333333333,0,0,0,0.0,0.0,0.0,84.13449100000008,65.21568599999995,0.7751361567041498,72.09599999999999,12,6.007999999999999,5c718a3fdc193cf92e8babe55085d9a6c49c09e1bb11c69c0d3e71192acf39c2,7742f46ba78ed9fa88c087d5ec69553ce3988bd974cf12b77459f3fa28b99e2d,64968,fbb3295d982a49a094a5bfd4ffeb6dd084dc4a39d337580c96823ca4c555bab1,d04e3c03206e9627b9e6f8abc805209fb0c02dffe4d903244725d681756546f9,e9857ce44917ebd4879e22234390efbd3b1382ce57b25ce6db27b9c834aba50d,5b7fa32960bea3e77505cb93b6507c054d10ebe8153224762a66e6860f4c4299,546d2240a2ba9f2a91e17d71d8ba88de7fe5f83534ea4b92513b0252609a126e,6.620205,/tmp/buckeye_slicer_O25_4_vksx4ds8
s02,s0201b,O0_4,18,1,0.05555555555555555,1,0,0,0.05555555555555555,0.0,0.0,18,1,0.05555555555555555,1,0,0,0.05555555555555555,0.0,0.0,84.13449100000008,41.37084499999999,0.4917227703915146,46.39599999999999,9,5.155111111111109,87130029b5443647ed1f1febd32ab768bf957a0a1698217eb3cf14b2d00c6ecf,7742f46ba78ed9fa88c087d5ec69553ce3988bd974cf12b77459f3fa28b99e2d,64968,fdc796c69deaf628ddb1aadce65ae2940f36e1052bf5192532b53e001cb57c4c,e69c9a2be06ffe6442dbf0cd98fb2d7b8fc07af79cd1a4289975b595db56dd87,b943ac79db7a0627a92dec55cb1623795612f950f85b2088010ca823baa61b8d,21db6eaf439f07bb1b389b3f8c0aaf3e0d91ed6bceb83ed0df29d1aa92c92a94,2d9d81e5c53bd03fa486c8447519a3e74b4ed0ae4b24bf59ea326da53b01a30e,6.626853,/tmp/buckeye_slicer_O0_4_v7b9cmu_
s03,s0301a,A_O50_8,38,9,0.23684210526315788,8,4,0,0.21052631578947367,0.10526315789473684,0.0,46,11,0.2391304347826087,10,6,0,0.21739130434782608,0.13043478260869565,0.0,152.70144000000008,123.10903500000015,0.806207426727607,140.09599999999998,23,6.091130434782608,72ea8093df3fb11222b7291a784e2272246d6349ad6d5da63900e79412997498,7742f46ba78ed9fa88c087d5ec69553ce3988bd974cf12b77459f3fa28b99e2d,37925,055dbe11b7ef3f134fcb0defe4a7d5300a994180b0d3927c1f49b415625cdcb9,b48d4357b899773119aa18c4241ceceb03bfd88012510cba17618a852abac9b5,dde4d4ebea4b6035c99ef7c4205882606aec0cd157035d8026c3b85b16145c10,c4f6fba77c6054440da4bd4d43e8fdf7c24e7be0f8758187c0ce1f5de5315a6b,73dc2afca8eeef87812891b6b8e8574cd7aa4e67ec0c52bfee3ce3ad00515eb0,3.946973,/tmp/buckeye_slicer_A_O50_8_ecrqbtb3
s03,s0301a,D_O0_8,38,3,0.07894736842105263,1,0,0,0.02631578947368421,0.0,0.0,48,3,0.0625,1,0,0,0.020833333333333332,0.0,0.0,152.70144000000008,124.07275500000014,0.8125185656402459,141.68800000000005,24,5.903666666666669,b35b56fbf50e01487bef7f59ef870fe839ea7b8d3f84afb9014d7c5503a3e4dc,7742f46ba78ed9fa88c087d5ec69553ce3988bd974cf12b77459f3fa28b99e2d,37925,572090e5cc7da395de641b63b4a83d1885882024484a82ac9876b0372327cf8c,ad067f00549956441919e05e0658b19fd3a90d901795f7a68ef2376a9555ce15,f0ed71be8bd092f54bb42e9ea90b6b91fa46b2b1adbef54b88c5cb9f802abe89,5fc92299aeb26c2e0161c6e361e7951965ce1a18577ece6428db6245b5aabf85,e5d33a18bc4979d89a5b8349a88d62b93cd58007070b74fdddb941d7d7e65d5b,3.957366,/tmp/buckeye_slicer_D_O0_8_srdyyflm
s03,s0301a,O75_8,38,11,0.2894736842105263,9,4,0,0.23684210526315788,0.10526315789473684,0.0,46,13,0.2826086956521739,11,6,0,0.2391304347826087,0.13043478260869565,0.0,152.70144000000008,122.73253300000016,0.8037418180208392,139.99999999999997,23,6.086956521739129,fb0d6f897d9dcf0b7e0660df48ca28e01a7ed3c98bca74d8793f14eba515dc41,7742f46ba78ed9fa88c087d5ec69553ce3988bd974cf12b77459f3fa28b99e2d,37925,48668a9b72606553b62417c7fb0737698d41c9596214cf4e83a38fab4a71154b,c94747c5a6ec94175e5be267afe320b0de745a59a34cb79d03a99f3801069f6e,9a5d63d275d8277ee3a91c0d150ed60c65c43a2fa6e5c2b7e81135e01888adc6,e60f53c7ff78e65d36b33ae05fd040cc665e37da0645ad1cf4395839c1f69f05,afb8f14f5586f8edba463c3d5bcc3a1df2b812540ee1ad4a3a90d2c436bbbdbe,3.90448,/tmp/buckeye_slicer_O75_8_ckjv4slz
s03,s0301a,O25_8,36,4,0.1111111111111111,3,2,0,0.08333333333333333,0.05555555555555555,0.0,44,5,0.11363636363636363,4,3,0,0.09090909090909091,0.06818181818181818,0.0,152.70144000000008,121.16075500000014,0.7934486734375267,138.624,22,6.301090909090909,f3dacc6d02c6a2fd8381c8a61319b8af6361c86e0ac1d1b5ebaf6e1d7b96eaec,7742f46ba78ed9fa88c087d5ec69553ce3988bd974cf12b77459f3fa28b99e2d,37925,657c84aab2ed18573c933006828d294d5af0a80de9f8e1c418cfd9751a11a8dc,0ff871122bb89a175a6156380c9f5c2c32ba2f05cc1a3df5f268ac9865528a4a,4671c40d7e2d59c023f87ba629367e0e485fe3daa82649a919c2211f55514059,ef68656a9aff233886153c515d8059d2ae63b5253db22487ed3a713ae5df4679,84137c87543b37b40f16a2fb9d274a590d4250350d162a49aabf571355a7e062,3.892161,/tmp/buckeye_slicer_O25_8_ufyxcrtx
s03,s0301a,O50_4,38,9,0.23684210526315788,5,3,0,0.13157894736842105,0.07894736842105263,0.0,46,11,0.2391304347826087,7,5,0,0.15217391304347827,0.10869565217391304,0.0,152.70144000000008,123.14903500000011,0.8064693757963255,140.11199999999994,23,6.091826086956519,663af3576597e4bfc82d3a4a28767d0d007bba5bc57790ca6cbea3de5be4a0ad,7742f46ba78ed9fa88c087d5ec69553ce3988bd974cf12b77459f3fa28b99e2d,75850,14dc8f93ab0b7acf58ead99f19494db99d7848a0e47114683949141a264015b9,3a1d928938ab1fdfec0b7ea65562a7ea8c5fa3e6601f7269af8b6bf55f427107,c7037b9c888828e466d28b9205838ceba4e82c1b18046c5e1fef846c8b201c05,2e1ee75f42f32be60b5ae2e937d7d79a1c1aea7a0381db5e3783d473e9ca9281,a3aaf103d65b00b7a40c55c28a810c0d35033623f734110bb2948b587885c66a,7.684957,/tmp/buckeye_slicer_O50_4_eppn6bs6
s03,s0301a,O25_4,38,5,0.13157894736842105,3,2,0,0.07894736842105263,0.05263157894736842,0.0,46,6,0.13043478260869565,4,3,0,0.08695652173913043,0.06521739130434782,0.0,152.70144000000008,124.50875500000015,0.8153738104892795,142.216,23,6.183304347826088,5c718a3fdc193cf92e8babe55085d9a6c49c09e1bb11c69c0d3e71192acf39c2,7742f46ba78ed9fa88c087d5ec69553ce3988bd974cf12b77459f3fa28b99e2d,75850,4c616b8729f8e3bdc3edd6b3edffc7d01a2bcc0d87b6f9f808193429f28366f0,2966119330c8d5c52e567da979778ad44ed9806e24ed3c2cb1e01a74dd73bb40,3a22109a2a94abe2ed41a5f1326c3f820a8687598171d9e04674a31922477873,5bf3feb2e4fdd2d6ad89b5291a5d30137d67182740e8abef8cb78950ef81c366,a06b607032264c975a9a86b2c7e9f611168723f7fdd009cddd8a02f48e848f72,7.71942,/tmp/buckeye_slicer_O25_4_pdq7uw4_
s03,s0301a,O0_4,38,3,0.07894736842105263,1,0,0,0.02631578947368421,0.0,0.0,48,3,0.0625,1,0,0,0.020833333333333332,0.0,0.0,152.70144000000008,124.0767550000001,0.8125447605471176,141.71199999999996,24,5.904666666666665,87130029b5443647ed1f1febd32ab768bf957a0a1698217eb3cf14b2d00c6ecf,7742f46ba78ed9fa88c087d5ec69553ce3988bd974cf12b77459f3fa28b99e2d,75850,181f7d8d50fc9e13492eafd2dd0f02ccd1a32788894e852e21d8aed39bef2d9a,650399f477ff1e436c60866f83165b992e7f921aaa8eba7a4a36b2ccfd91f90b,fbbe0963cc8beb5d5674ba1e1d0cd24f0162ae28ad88c43ece42143196a5d20c,865d7f0d64629572fb08c84494255ff4cea4e92ec7d8fd07646c22ce6cc6bb9a,d6164e77a18cfc2d37c8efbdceb15af9c5bfc196dcbf20e49b1e16f975609979,7.72099,/tmp/buckeye_slicer_O0_4_bvi6oiil
s04,s0401b,A_O50_8,76,6,0.07894736842105263,4,1,0,0.05263157894736842,0.013157894736842105,0.0,78,8,0.10256410256410256,6,2,0,0.07692307692307693,0.02564102564102564,0.0,297.30200100000025,175.26054099999985,0.5895034019633111,203.49599999999998,39,5.217846153846153,72ea8093df3fb11222b7291a784e2272246d6349ad6d5da63900e79412997498,7742f46ba78ed9fa88c087d5ec69553ce3988bd974cf12b77459f3fa28b99e2d,71073,3a288a4a6f73a2abd5cfe3cf4d99c68d5eb79cf05de2289ea256f4cc4d72d57a,dbf17109b0b24f98fb9dcb8c371af7e87e27c579ce227f91fffed04006709e0f,83aba6f7466c10dded77878747993a186058623e416d81a9a92beca24d73f033,e0d77eb717ff74cc22fed68d9c537aa43f1c1e516cba3ec15e955c0b4cc88f7d,1d1d7309463c295da1de2f080afa7bd052669d499a7738c305e7d5acc4c17b1b,7.705236,/tmp/buckeye_slicer_A_O50_8_g31wsiw3
s04,s0401b,D_O0_8,72,6,0.08333333333333333,1,0,0,0.013888888888888888,0.0,0.0,74,6,0.08108108108108109,1,0,0,0.013513513513513514,0.0,0.0,297.30200100000025,166.13421999999986,0.558806262457681,193.83199999999997,37,5.238702702702701,b35b56fbf50e01487bef7f59ef870fe839ea7b8d3f84afb9014d7c5503a3e4dc,7742f46ba78ed9fa88c087d5ec69553ce3988bd974cf12b77459f3fa28b99e2d,71073,0936955a267b013a6b282b31ba884d10a2b8bcb76593a7c30ae70060ba67519c,eec926ce9d651c20905103ee99f76b5dc28d8cdb9103477dbd7bb49bc47153da,c51f264047bf68e3f88a23edb7955f407d902ef1a1ab4f4afc0c7a675e3a625a,d38a47d246df0823af9e16ff7d8333b5de3c49511735773bdc07c2276d5212a5,d1d84c2d8b013139112c19435bcef6079a4852f5cd22021f49ebf4553547c9f7,7.135233,/tmp/buckeye_slicer_D_O0_8_tihca4zg
s04,s0401b,O75_8,74,10,0.13513513513513514,5,1,0,0.06756756756756757,0.013513513513513514,0.0,76,12,0.15789473684210525,7,2,0,0.09210526315789473,0.02631578947368421,0.0,297.30200100000025,173.91958699999992,0.5849929916886089,201.98400000000012,38,5.315368421052635,fb0d6f897d9dcf0b7e0660df48ca28e01a7ed3c98bca74d8793f14eba515dc41,7742f46ba78ed9fa88c087d5ec69553ce3988bd974cf12b77459f3fa28b99e2d,71073,0d6fc6a9e7c92a6c9e0d87949bb2c679d38234efd1f141d117af36867abdab71,f064f5b807d2bcc7a75a0f7680d7fefae54a53416cda709baab6f8984134f2bb,20bb25b6b0956640c546231076351206151d839e9b8697e17d09b37cc3c74061,7bfca25740b296571b89efa145f6b29aad289b51e573850202f2b384406b19c8,b4fb975f3da96af8aa90bb2bd7db356656ea6cd63df3d0a35df9aa992cfd992c,7.23743,/tmp/buckeye_slicer_O75_8_w5z5vf16
s04,s0401b,O25_8,76,7,0.09210526315789473,3,1,0,0.039473684210526314,0.013157894736842105,0.0,78,9,0.11538461538461539,5,2,0,0.0641025641025641,0.02564102564102564,0.0,297.30200100000025,174.49693299999987,0.5869349429639383,202.7120000000001,39,5.197743589743593,f3dacc6d02c6a2fd8381c8a61319b8af6361c86e0ac1d1b5ebaf6e1d7b96eaec,7742f46ba78ed9fa88c087d5ec69553ce3988bd974cf12b77459f3fa28b99e2d,71073,c979f23cf8935afbae418bb41c3391aa984c013a0e279b8e54b8a36d7bf6986a,dedb7ffe9ff9c78ca98eb6eaa3a3640a5bf1b680409d3712451960f4b8e556e8,c72e722f4cd6b70f7540ed3d704cd04e64cda0b5453a35799384e777c9ab7dea,725c69988dff6bbff0f6276e74499059f77eb91e68efc76a42a2619e432c5f32,95f91c1da0e3a344fe2eb51758cf0498c5bfac8aac520a29341b8fc70d19baa7,7.002056,/tmp/buckeye_slicer_O25_8_j4rj6ips
s04,s0401b,O50_4,76,7,0.09210526315789473,3,2,0,0.039473684210526314,0.02631578947368421,0.0,78,9,0.11538461538461539,5,4,0,0.0641025641025641,0.05128205128205128,0.0,297.30200100000025,175.2914159999998,0.5896072525929607,203.4600000000001,39,5.216923076923079,663af3576597e4bfc82d3a4a28767d0d007bba5bc57790ca6cbea3de5be4a0ad,7742f46ba78ed9fa88c087d5ec69553ce3988bd974cf12b77459f3fa28b99e2d,142145,b14429e1fdd4b5f9ff522a3939c1fcd482f3b015a240ba38eaf059d68df82c52,43053bb3732bc0f4b2b679ce0bb163b88e801e87b2f67e130fac5984d59b9a6f,2857271d7214ea93b4907d4aa350dae7104894912e3e0d1813d61d7f60bcf2f3,9d56533682b9497ebdb10ced0ff7d4f6b5942c1c3f261a3f052f9d3acaf232f9,dbe2c9927d394377de31cdcef42b5418be56f5aae9854843c66f1a48b5f5f7a3,13.911403,/tmp/buckeye_slicer_O50_4_xlw3bat6
s04,s0401b,O25_4,76,5,0.06578947368421052,4,1,0,0.05263157894736842,0.013157894736842105,0.0,78,7,0.08974358974358974,6,2,0,0.07692307692307693,0.02564102564102564,0.0,297.30200100000025,174.7876339999999,0.5879127399482245,203.60399999999996,39,5.2206153846153835,5c718a3fdc193cf92e8babe55085d9a6c49c09e1bb11c69c0d3e71192acf39c2,7742f46ba78ed9fa88c087d5ec69553ce3988bd974cf12b77459f3fa28b99e2d,142145,f7d6dc4cc90f94b0f16226202ba6594dd94d9b7d2567d27c7a98b7864b8994e5,58a608b61919361215aa895731f6059737e0384a121e7faaca4060326bf4db73,86ab3a55db3cff56f702c029c4c9e9575863651b60811988f709cd457631405f,6c5fe13b9c26c43e461963c695a756265be5e9ea437e5a6cba2a33ecb41f3878,0b443476e7c84f9bb3e47debc584e7e6240b6551807361fe43f880713196662e,13.938909,/tmp/buckeye_slicer_O25_4_mbu3tkqd
s04,s0401b,O0_4,74,4,0.05405405405405406,2,1,0,0.02702702702702703,0.013513513513513514,0.0,76,5,0.06578947368421052,3,2,0,0.039473684210526314,0.02631578947368421,0.0,297.30200100000025,171.6239049999999,0.5772712744035643,199.82400000000004,38,5.258526315789474,87130029b5443647ed1f1febd32ab768bf957a0a1698217eb3cf14b2d00c6ecf,7742f46ba78ed9fa88c087d5ec69553ce3988bd974cf12b77459f3fa28b99e2d,142145,991ec5ac27eb4a92f0999476f9153412b235a7364dc0ac5a4dbd74bc564552de,9b380e91181a592c91f5b86b4a05661f37cbafc95d83b6a1b48cd0abe79cb506,5e0847e57a2bc55db5aeb92d66eac908a6df6e3a2e88d1c6f1903e6151dac6bd,3824533ae172cee91a80760a7981153c8e9f66bb56581ff16ffea3c07fdb0279,b6c840f084e97204d1926a84f9ed06df38fba18eb7a79a108c09f1ad72e73bbb,14.560922,/tmp/buckeye_slicer_O0_4_j2s8ftnb
s06,s0601a,A_O50_8,84,17,0.20238095238095238,8,1,0,0.09523809523809523,0.011904761904761904,0.0,84,17,0.20238095238095238,8,1,0,0.09523809523809523,0.011904761904761904,0.0,245.50644200000008,175.6110109999996,0.7153010306751932,189.3439999999997,42,4.508190476190469,72ea8093df3fb11222b7291a784e2272246d6349ad6d5da63900e79412997498,7742f46ba78ed9fa88c087d5ec69553ce3988bd974cf12b77459f3fa28b99e2d,75124,023d3a80d5ecc488edbaebe60c3d9ba24044951d0425960285743c3ae27e8c2d,a18bc7ea177f69356e16aaf971a8801e9a6fa9a052e2821a8db7fbf638abbe31,3b307fb90a06c2859463ea6b8cb88b5b928c86620ac0b0664b6e094a6bb0665e,75b128fc69a82cc3e01e00aac6b29d41637e63a464dbb8b52de1d111541a3677,3e8715a17cb41d0e47750d0e6d5d5793ef45e6dad65d86ef590db54578311a7b,8.40379,/tmp/buckeye_slicer_A_O50_8_gfc6lbix
s06,s0601a,D_O0_8,74,13,0.17567567567567569,6,0,0,0.08108108108108109,0.0,0.0,74,13,0.17567567567567569,6,0,0,0.08108108108108109,0.0,0.0,245.50644200000008,155.95967599999994,0.6352569599782636,169.1920000000003,37,4.572756756756765,b35b56fbf50e01487bef7f59ef870fe839ea7b8d3f84afb9014d7c5503a3e4dc,7742f46ba78ed9fa88c087d5ec69553ce3988bd974cf12b77459f3fa28b99e2d,75124,147ffaaad4fe4cd904772cba074c98cd95e4b5cd37685941c89879f3b86110a3,31b39f55ba00bdbba6e37a2c9c0f4aef52596b9dc93005ed7963118e03f55e66,688c46ef1e7c0911172fb21b7e60e229ca211ac50229fb2849030d129a168a9a,e03b7ce3cb9d08476d7fc6258dbdafdda9d11c18f3525c2eb0360d1747e0b67a,1dadcabbad545c3f15573b000f343861f037e920833ad0e4c7e1d37e56786961,7.927062,/tmp/buckeye_slicer_D_O0_8_vwbwy0mu
s06,s0601a,O75_8,84,18,0.21428571428571427,11,2,0,0.13095238095238096,0.023809523809523808,0.0,84,18,0.21428571428571427,11,2,0,0.13095238095238096,0.023809523809523808,0.0,245.50644200000008,177.49268799999993,0.7229655016547382,190.62400000000005,42,4.538666666666668,fb0d6f897d9dcf0b7e0660df48ca28e01a7ed3c98bca74d8793f14eba515dc41,7742f46ba78ed9fa88c087d5ec69553ce3988bd974cf12b77459f3fa28b99e2d,75124,21dbf6dca0a2ee8f6ae62ba48634721ef0471b0352be9018ce6de280d07283c2,3ba9401f17546694701ddbe1b9685167b9d674ca43369fb841cc5f428c66832f,2cf419d6d2501ffc30ca51698c1b61121a7cfab2f07281acae39c428ae6c8d5c,7c769dfb84837e78c0d162b849d7d7cfcbd6aa3b1069b54a9743f12c75852666,455e4b7b0158889e556813899b089767feac5b81bce29337aedbe5c414c24993,7.990959,/tmp/buckeye_slicer_O75_8_xd4tnxjr
s06,s0601a,O25_8,84,17,0.20238095238095238,7,0,0,0.08333333333333333,0.0,0.0,84,17,0.20238095238095238,7,0,0,0.08333333333333333,0.0,0.0,245.50644200000008,175.56301099999965,0.7151055164572814,189.6159999999999,42,4.514666666666664,f3dacc6d02c6a2fd8381c8a61319b8af6361c86e0ac1d1b5ebaf6e1d7b96eaec,7742f46ba78ed9fa88c087d5ec69553ce3988bd974cf12b77459f3fa28b99e2d,75124,af9ccf09f8b9e0abac553d84900db5fd7c839d536e2fa612108cf937f3e6e848,8b8f3f4f9b9111ef3e5c1061efe4ecc28df86d6c63d2c7788dd246db8f6fab53,6eb2b06d518ded7657c401a1e13457adb51e36f099325ab3dc739538cadf3342,6f86060387b65c6f22b054e9cb69f48fd32ea8ed115e2dab8da4be4bd6f065dd,a7f4ff14e7bc606c69b202fdf6aa2f7fc7cf93e04d4eeb56bbd24aafc8987b02,7.804359,/tmp/buckeye_slicer_O25_8_ambdh1hm
s06,s0601a,O50_4,84,15,0.17857142857142858,5,1,0,0.05952380952380952,0.011904761904761904,0.0,84,15,0.17857142857142858,5,1,0,0.05952380952380952,0.011904761904761904,0.0,245.50644200000008,176.50329999999985,0.7189355137165802,190.4839999999998,42,4.5353333333333286,663af3576597e4bfc82d3a4a28767d0d007bba5bc57790ca6cbea3de5be4a0ad,7742f46ba78ed9fa88c087d5ec69553ce3988bd974cf12b77459f3fa28b99e2d,150248,669e11ed1a54d80d3b182ed289bd4be2a54c51b82daf217fed5318c9fe6b111f,cf95f5c53cdd056072a520053cd4e741a33b2d7414c3048e0ff697ec425e97ac,2a239761d832423c8b86bb2e4da41d6a4caa0f9557eb7a2f7d32ea45a403a270,1b719aa4dafc0d8baca02c9f072eb65ca345fae08ea58f42f25ca95815f575c9,89cad09468bbab59e8e8d97c01017896b2fafde8f5cdbe0ff57edef9b25feb15,15.437374,/tmp/buckeye_slicer_O50_4_hkw0nogj
s06,s0601a,O25_4,84,14,0.16666666666666666,5,1,0,0.05952380952380952,0.011904761904761904,0.0,84,14,0.16666666666666666,5,1,0,0.05952380952380952,0.011904761904761904,0.0,245.50644200000008,176.50522699999988,0.7189433627977869,190.91599999999983,42,4.545619047619043,5c718a3fdc193cf92e8babe55085d9a6c49c09e1bb11c69c0d3e71192acf39c2,7742f46ba78ed9fa88c087d5ec69553ce3988bd974cf12b77459f3fa28b99e2d,150248,0eb547b1e863bddfb1a003ee63e0716f7c4925a7996c095e5f0987bd06fdbe2a,86767bfeeb91b36677ef2fabdacfd41a06128655d02ccfe7627e6eddc01239c5,1e1e05758c1a4cdaee1ce9de6070f23d67aebcec5f079f4dc2fcd2583c819b1d,6c5de810fa2f70d1d2e195718e8661ff581f347c9d6348b0bafe8bd723807f07,d2005edef27cd74cb95ac98d40ae291f57d4376f38348255743330cab36af762,15.641863,/tmp/buckeye_slicer_O25_4_ejx1g6mo
s06,s0601a,O0_4,78,12,0.15384615384615385,5,0,0,0.0641025641025641,0.0,0.0,78,12,0.15384615384615385,5,0,0,0.0641025641025641,0.0,0.0,245.50644200000008,164.34488199999998,0.6694116890016268,178.10400000000027,39,4.566769230769237,87130029b5443647ed1f1febd32ab768bf957a0a1698217eb3cf14b2d00c6ecf,7742f46ba78ed9fa88c087d5ec69553ce3988bd974cf12b77459f3fa28b99e2d,150248,8914100ccab187fc26b4b3f09b4314a1c09bc850c2610a678201cb449466f5c0,9dac84fe822a391696e2b75130dc396c4eca6d6d2992829aea87c130b63a8a16,8f25cf2140a2df72bb353973605eb76fde33212bd0ecf5da471762d59ba6f1ad,383a56103446678fa5b53765f4cad207e325db5e7a53636c26183006cc1c40ab,e5fb227248ebe83bbb4bc41b248bc624d80860bdfeb599453b542db1b1d49f64,16.346248,/tmp/buckeye_slicer_O0_4_63910xeb
s08,s0801a,A_O50_8,89,11,0.12359550561797752,6,1,0,0.06741573033707865,0.011235955056179775,0.0,90,11,0.12222222222222222,6,1,0,0.06666666666666667,0.011111111111111112,0.0,298.62118099999964,200.35501699999995,0.6709337104925595,227.96000000000012,45,5.065777777777781,72ea8093df3fb11222b7291a784e2272246d6349ad6d5da63900e79412997498,7742f46ba78ed9fa88c087d5ec69553ce3988bd974cf12b77459f3fa28b99e2d,74475,84e5c32ca10087ffbe01d5e356e44cc17d8e7c20c0375497f2c1e923021b72a4,ac31bcd73a6e7a4f84bae2c340ad064e9507391d823d5b9ca790279b9f7b771d,216e6e9eaacc62d2ed2d0b94839c336b60c16ae3d8544b6f8b729be2bda9ecb6,25e1cf76b86ec62a349a12110e2b9f3442ff8dd3de0374c0a58d911e4a7f20e1,02d392c44f1ef21980565a0e91258b385dfb9a2a89dd9ebdbd2c3de6685de2c4,8.031093,/tmp/buckeye_slicer_A_O50_8_bs39z3rd
s08,s0801a,D_O0_8,85,10,0.11764705882352941,2,1,0,0.023529411764705882,0.011764705882352941,0.0,86,10,0.11627906976744186,2,1,0,0.023255813953488372,0.011627906976744186,0.0,298.62118099999964,188.93067799999986,0.6326767490749429,216.26400000000027,43,5.029395348837215,b35b56fbf50e01487bef7f59ef870fe839ea7b8d3f84afb9014d7c5503a3e4dc,7742f46ba78ed9fa88c087d5ec69553ce3988bd974cf12b77459f3fa28b99e2d,74475,4769300093592cbc86713ae66e3d5b4c3f45a93a55750b8de4f654285913b257,ab225b92f8d8e65c0cf0838989656ae0335426e602dca67a8ac011d2a8bac9e2,f59eb3e541cb4041d71b2a7561f7ec3c6378b3272b27f8d095fb3f449e0c9a94,c294db5391e45fa002de565471b84b2ca4d1acac6d62380d7e37577f41a8864e,7dd3e8d75009feab1fdb62f0604d46b3465674e82b0a619720a350629d367e3f,7.627422,/tmp/buckeye_slicer_D_O0_8_m3pji346
s08,s0801a,O75_8,89,15,0.16853932584269662,9,1,0,0.10112359550561797,0.011235955056179775,0.0,90,16,0.17777777777777778,10,1,0,0.1111111111111111,0.011111111111111112,0.0,298.62118099999964,199.5221859999999,0.6681447890998734,227.13600000000025,45,5.047466666666672,fb0d6f897d9dcf0b7e0660df48ca28e01a7ed3c98bca74d8793f14eba515dc41,7742f46ba78ed9fa88c087d5ec69553ce3988bd974cf12b77459f3fa28b99e2d,74475,e1fd5e3a25f9977693d77b69fc8dd796aad6d695bd27543608852a88971e8085,97e822a6540ff6f786a475ad3104596f037f53c5e5e2e65aabe5ae77f2f086fd,aa727ed743c1a1dc6ff3dcad730c90ac84f54779126ee6b1bfe5a9d3f558ff1a,f70aac921441f215a9fd912b2da495e5f4258dd6922c0a4d5d2f9e166bf1ad78,db5e599e9d4759c4180f6b8cf508caa2b9dc9d3dc141957dcb30266804787cb7,7.626547,/tmp/buckeye_slicer_O75_8_6eo_jqju
s08,s0801a,O25_8,90,12,0.13333333333333333,5,2,0,0.05555555555555555,0.022222222222222223,0.0,92,12,0.13043478260869565,5,2,0,0.05434782608695652,0.021739130434782608,0.0,298.62118099999964,202.15750300000002,0.6769697391291218,230.53600000000012,46,5.011652173913046,f3dacc6d02c6a2fd8381c8a61319b8af6361c86e0ac1d1b5ebaf6e1d7b96eaec,7742f46ba78ed9fa88c087d5ec69553ce3988bd974cf12b77459f3fa28b99e2d,74475,90cc90bd2db8f5bfc701b88d8352e40c26437e34eacee245c1e69c1495418031,952f9f9e564ad875f780914d4a26015be7f5c3a007523639f4a0f97ad49b522f,970366dd0779b7ab345dd84a6a38264a513e2beb0403b82c76830a5125b9165d,549180ff96788eecc4d7650c2b96a9fbf3692e07abf4d19a22c32b3881d2874c,d249dc056cb0f98917be7caecb0fe82c92eed6806485b572e531d298af28148c,7.627373,/tmp/buckeye_slicer_O25_8_ch306n9b
s08,s0801a,O50_4,89,11,0.12359550561797752,7,1,0,0.07865168539325842,0.011235955056179775,0.0,90,11,0.12222222222222222,7,1,0,0.07777777777777778,0.011111111111111112,0.0,298.62118099999964,200.3030169999997,0.6707595768298832,227.89199999999965,45,5.064266666666659,663af3576597e4bfc82d3a4a28767d0d007bba5bc57790ca6cbea3de5be4a0ad,7742f46ba78ed9fa88c087d5ec69553ce3988bd974cf12b77459f3fa28b99e2d,148949,7bd864de96d6e35e46283fa76a0a5e80755fabf5078d1bca9b849cb66441d959,311b54cb46d5672f8036fce7e513b61585e50fcbd38227f5e8dc4e3876413ad1,ab8090596abf816fd8e2413426efaa9760ccae94bb194b8471ecebd2fd7ec992,653d4f3af225a91e71963fa17ec1897d2e409684cd78580375e5d4291402fd06,23e9e5bddc38c163c49e233662741a6cb9c8b2fb57a28804aa9b73a8a6048853,15.042766,/tmp/buckeye_slicer_O50_4_97e54ral
s08,s0801a,O25_4,89,10,0.11235955056179775,5,1,0,0.056179775280898875,0.011235955056179775,0.0,90,10,0.1111111111111111,5,1,0,0.05555555555555555,0.011111111111111112,0.0,298.62118099999964,199.83336899999995,0.6691868551681878,228.18000000000006,45,5.070666666666668,5c718a3fdc193cf92e8babe55085d9a6c49c09e1bb11c69c0d3e71192acf39c2,7742f46ba78ed9fa88c087d5ec69553ce3988bd974cf12b77459f3fa28b99e2d,148949,5b7a628a756dc58959dd72fd74c80ff876b9d3010c27785da864dd460777c0bd,58cab278f67531451ce3cd389acbb9b669be43abe893379a5495e737344380bd,d5980cd1f37183e171a2743e26b15e972b2df6bb6c1fa906a9ddc1e474747a7b,b5de253a9dca0eafb977ea21e0b3ef2ef41c1c35c15a8f9df8893a142b6d703f,98a3ffe5b9fa253cc85bb4b1acc32583beffc63b58ec3b2fe1ea4bc322a1f212,14.968545,/tmp/buckeye_slicer_O25_4_od5fb0lc
s08,s0801a,O0_4,89,11,0.12359550561797752,2,1,0,0.02247191011235955,0.011235955056179775,0.0,90,11,0.12222222222222222,2,1,0,0.022222222222222223,0.011111111111111112,0.0,298.62118099999964,198.4384859999999,0.6645157765952313,226.94400000000027,45,5.043200000000006,87130029b5443647ed1f1febd32ab768bf957a0a1698217eb3cf14b2d00c6ecf,7742f46ba78ed9fa88c087d5ec69553ce3988bd974cf12b77459f3fa28b99e2d,148949,df1e4e9a11e85c60603570512d9de2c61d4430ca1bfdf3c2564a13d0178aef76,6c9c6ae9aa6a3f824808dd16b3144e3940003b1ba1d982d562e3725ee31074a0,0ccbd8e0ed6e44a7ccf96ac45e89d3b76b91dff15383f7a5a80fe5dd6b4dd6ce,aa23cc441229ef64c0ef084237289b79eb3c0369cc72496c7e445ed3d0eea538,0ceac4f3b1fda55fd4664ed5c09e24527709f5c5cdfcbc3182a14bec8e022cfd,15.056882,/tmp/buckeye_slicer_O0_4_ofk61irs
s11,s1101a,A_O50_8,92,5,0.05434782608695652,3,0,0,0.03260869565217391,0.0,0.0,92,5,0.05434782608695652,3,0,0,0.03260869565217391,0.0,0.0,285.0435980000001,159.25655800000018,0.5587094715244232,187.27200000000028,46,4.0711304347826145,72ea8093df3fb11222b7291a784e2272246d6349ad6d5da63900e79412997498,7742f46ba78ed9fa88c087d5ec69553ce3988bd974cf12b77459f3fa28b99e2d,75082,a65f4d0444de573db665120dbee0d2a3ac930aa33b062a1732f4d6dbb0efa401,e5f1e908b0168ff7d21190d826a5f59b8d87deba2cbf7fa6a4f79cdf848f9bcc,d902e22bb6deb917c087978b3264108d8348ca1ace75745097c5467c065f0e47,62168ce0509e5b0aeafe51fc112451e8c9407dd0b5b779ae6ad6ba67238e9a11,838866119310f54dc14d18ee4e28cb30f267cacd766dde9cbd2dc3f714646ae6,8.322808,/tmp/buckeye_slicer_A_O50_8_d2zo4rst
s11,s1101a,D_O0_8,92,6,0.06521739130434782,3,2,0,0.03260869565217391,0.021739130434782608,0.0,92,6,0.06521739130434782,3,2,0,0.03260869565217391,0.021739130434782608,0.0,285.0435980000001,157.40623800000017,0.5522181136655457,185.38400000000007,46,4.030086956521741,b35b56fbf50e01487bef7f59ef870fe839ea7b8d3f84afb9014d7c5503a3e4dc,7742f46ba78ed9fa88c087d5ec69553ce3988bd974cf12b77459f3fa28b99e2d,75082,bbb014a7207127a7d0c685f5fb229712287627b580c1848388b62bec655fe998,0ce960ae773fbe4ba6dad07ade7f23e665446b13db559889c97bc48ef208f7c7,27d4e520afaa30733aee5a2534b0d6310189dec702afdfb59ca9c3b842abbaf2,01c53b12fade03980d766d30cb1238a518a743f0168f3309596997a39935dae7,5a4d0729098b5b736612ded053373e6d2adc366246998ccfd78f4000f1d6a4da,8.199455,/tmp/buckeye_slicer_D_O0_8_n0zl9bhu
s11,s1101a,O75_8,94,7,0.07446808510638298,4,0,0,0.0425531914893617,0.0,0.0,94,7,0.07446808510638298,4,0,0,0.0425531914893617,0.0,0.0,285.0435980000001,159.94286400000007,0.5611171944300255,191.97599999999997,47,4.0845957446808505,fb0d6f897d9dcf0b7e0660df48ca28e01a7ed3c98bca74d8793f14eba515dc41,7742f46ba78ed9fa88c087d5ec69553ce3988bd974cf12b77459f3fa28b99e2d,75082,559360092b9bc280281a7067ffd5de4668be17a366b0bb148d15dd14e9bbe951,f5014f0de61f591289cb04af536776df0269da17eaa811af3b06273a4d61cfe5,74a35842150b77e96a19303400b9a815d8a207bb21a85ec03888db8a783dec92,adc690513c89123810aea6377d6cbef34a116063546a70ad64f8e3d80287d271,9479df406fa20bd4bd18ab6ee3c63cfca4f39e8417b2d8fe148b58ae92c0e227,8.076711,/tmp/buckeye_slicer_O75_8_ne0tuctp
s11,s1101a,O25_8,92,5,0.05434782608695652,2,1,0,0.021739130434782608,0.010869565217391304,0.0,92,5,0.05434782608695652,2,1,0,0.021739130434782608,0.010869565217391304,0.0,285.0435980000001,159.28055800000018,0.5587936691705672,188.112,46,4.089391304347826,f3dacc6d02c6a2fd8381c8a61319b8af6361c86e0ac1d1b5ebaf6e1d7b96eaec,7742f46ba78ed9fa88c087d5ec69553ce3988bd974cf12b77459f3fa28b99e2d,75082,fbdbc5ffa06e1d13ec4e37dba0fc229b1aa6917a78b35cb2ef719c1997448c80,407ba6c33e7b5e969c0e309bc11e70f96f41eb3d6aa47d025a25d68dfba5008a,fbf296061c542769cb466ecf8c3e2221b35153cb25d86a459f54b3e7ff92f413,22603018ecbd87f7cf163c6925e893ec39af71763c5bdabbdd5dabdb36b43d41,1902c15f9e6600fae64259e9f4127551822b2dd5de7c8f12c8e86ead55ca04da,8.037324,/tmp/buckeye_slicer_O25_8_w_dri13_
s11,s1101a,O50_4,94,6,0.06382978723404255,3,0,0,0.031914893617021274,0.0,0.0,94,6,0.06382978723404255,3,0,0,0.031914893617021274,0.0,0.0,285.0435980000001,159.24755800000023,0.5586778974071194,191.15200000000024,47,4.067063829787239,663af3576597e4bfc82d3a4a28767d0d007bba5bc57790ca6cbea3de5be4a0ad,7742f46ba78ed9fa88c087d5ec69553ce3988bd974cf12b77459f3fa28b99e2d,150164,01a93091f8c4f2d2f9f8e0b208666588ff38b74b320bc2d5e8fce7254342f4b0,b6808c79cf8def4566e13d4265dacd80987a7e724c341343bc84fab0dd33fbf5,db33b85a08cccfedc451cacb39d01b59cbd72a006bf394451b7f07e8bcdc7d55,6e131b7a435c2d7749b68b429bde2cf3e55e42dc9f427be7d964df72d51797c9,f182e3f5d46da6736129eed9a81c01f11bbaff9d613aceb09f8c5b772cfee471,16.016206,/tmp/buckeye_slicer_O50_4_nm5cayib
s11,s1101a,O25_4,94,5,0.05319148936170213,2,1,0,0.02127659574468085,0.010638297872340425,0.0,94,5,0.05319148936170213,2,1,0,0.02127659574468085,0.010638297872340425,0.0,285.0435980000001,159.2965580000002,0.5588498009346632,192.21600000000007,47,4.089702127659576,5c718a3fdc193cf92e8babe55085d9a6c49c09e1bb11c69c0d3e71192acf39c2,7742f46ba78ed9fa88c087d5ec69553ce3988bd974cf12b77459f3fa28b99e2d,150164,9a631f36688c456171fa05cd0b364ef9254131669eb8bdc504bb947f1b3518e0,e4b655ba2af6696f16e9552950c57adcc479ae2be76b0788614913e8bc414bef,c1a9b7f0975561a79aa50ddfb2ef29436638d5f2ffed81eeedfae331fe893375,ebfe4e8562e44623d7330188283d7f41de6892431d8a71c171a8a24dae4841b1,d21d695a3e1ebe8ab2d63b5055d59bd24a76990056bd7bd6fc10ab4f0b118f40,15.981112,/tmp/buckeye_slicer_O25_4_sg2m5zb0
s11,s1101a,O0_4,94,6,0.06382978723404255,3,2,0,0.031914893617021274,0.02127659574468085,0.0,94,6,0.06382978723404255,3,2,0,0.031914893617021274,0.02127659574468085,0.0,285.0435980000001,157.41823800000017,0.5522602124886177,189.38000000000005,47,4.029361702127661,87130029b5443647ed1f1febd32ab768bf957a0a1698217eb3cf14b2d00c6ecf,7742f46ba78ed9fa88c087d5ec69553ce3988bd974cf12b77459f3fa28b99e2d,150164,598c3ee805362d62a4417e339fe72ecf3cd49808721f2a3a72b74a4efd3a474e,8dba59c45830597bb9af3a721ed6fb965edd09390d6f7daf79a5f8a233f9fb07,d4e5d5642e4ba12315de68462203eb4112f620a80797a1d8f9b0a351d5d17fe4,1cdc92e0ae9111f321b25ca64b1d79c9dc8582059016e503717ce30f0019675c,fe6511108d638097de348e26270d00c7e47a017dad99c5527867eb6b4ad0a845,16.195507,/tmp/buckeye_slicer_O0_4_yohy65qk
s16,s1601a,A_O50_8,128,8,0.0625,2,0,0,0.015625,0.0,0.0,130,8,0.06153846153846154,2,0,0,0.015384615384615385,0.0,0.0,411.3029530000003,273.20634400000034,0.6642460065196764,301.99199999999996,65,4.6460307692307685,72ea8093df3fb11222b7291a784e2272246d6349ad6d5da63900e79412997498,7742f46ba78ed9fa88c087d5ec69553ce3988bd974cf12b77459f3fa28b99e2d,75001,ac24e8a5e4aa4b24862c80b3e77d0e93c1c4e2433a85e34917a8ef3d5d21004d,401b62b9214b6828f0f6e3fc9a50f4ebf70b369b49fe48430be5339b1a2c94d3,26b316b1768efbfc21325dfb698d64a06d03f7178ee254632142e2907b96008d,40ec53d1b094a17fde768fc5d02f589c1b51800de5f852b7b3e16d8fc15cba10,8120a42d253ff3d1504cfbca77df6c247563b09ab25682c3935c49d4af02b8bc,8.077671,/tmp/buckeye_slicer_A_O50_8_wuj3bapl
s16,s1601a,D_O0_8,118,10,0.0847457627118644,4,1,0,0.03389830508474576,0.00847457627118644,0.0,120,11,0.09166666666666666,4,1,0,0.03333333333333333,0.008333333333333333,0.0,411.3029530000003,257.04251300000044,0.6249469183849995,284.40000000000003,60,4.74,b35b56fbf50e01487bef7f59ef870fe839ea7b8d3f84afb9014d7c5503a3e4dc,7742f46ba78ed9fa88c087d5ec69553ce3988bd974cf12b77459f3fa28b99e2d,75001,a1452d873946b75029a953d475d1d2004e043fdfe6ce9c28b20e046f5643db7a,bc6816bcef7e5de51b8b2c79941a6916cfefb7ef191267992870d5172a814181,9fef54e91e1cd778067109681a40e0b081ff385af5494a1dd16b38337fb7e374,5f702f16f0be43db5a118defa5e35a296f302d5c7cb18bd6ed1864406ab261df,5f93968011a577a0271637ed953f6b98df3839b43f196799550e548bd830184b,7.65664,/tmp/buckeye_slicer_D_O0_8_nfb4betx
s16,s1601a,O75_8,128,12,0.09375,7,0,0,0.0546875,0.0,0.0,130,13,0.1,8,0,0,0.06153846153846154,0.0,0.0,411.3029530000003,275.8453440000004,0.6706622016399678,304.72799999999984,65,4.688123076923074,fb0d6f897d9dcf0b7e0660df48ca28e01a7ed3c98bca74d8793f14eba515dc41,7742f46ba78ed9fa88c087d5ec69553ce3988bd974cf12b77459f3fa28b99e2d,75001,e1781d45914f48d7197875537e85d0e6deec995d2cff2b9a91018270b655e465,ddd2ee71ca6a74b2983be9d1662ecb0ed19ae94a4f7843dc0a873abc379783b1,bb27e7240fca55831a426e93dd6b515717a29c221d1a1da6f9a938238fe8558a,825855649c04fd54bbb4f24a9501093ca2edb31bdf01cad5c89c3f74aa481d37,742f9237fe605f59724eb3b539696d4901a0ecf52811aa40db2424714ad42d77,7.674886,/tmp/buckeye_slicer_O75_8_yv570ggo
s16,s1601a,O25_8,128,7,0.0546875,4,1,0,0.03125,0.0078125,0.0,130,7,0.05384615384615385,4,1,0,0.03076923076923077,0.007692307692307693,0.0,411.3029530000003,274.4663440000004,0.6673094418556246,304.3519999999997,65,4.682338461538457,f3dacc6d02c6a2fd8381c8a61319b8af6361c86e0ac1d1b5ebaf6e1d7b96eaec,7742f46ba78ed9fa88c087d5ec69553ce3988bd974cf12b77459f3fa28b99e2d,75001,a37ca768f658851301491ab799a7648f06f2f3e813683c89036200826c32826a,d6c6761373aea8bf7448779d094477239a17381ed5d17f6323fb6b4c59569320,de7f58eaf224b972d15e2a2f7626231c166fae80325ff07c96bc07e5a160b61d,38ff29de13232e52e4cc930a6298183c1c49e9de619ffadf4e55facf8d5e44b6,e978b9cb782b2de5b833e7c0d8e7b9bd16549890968af06675b1fe777028f15d,7.730707,/tmp/buckeye_slicer_O25_8_187lvkq6
s16,s1601a,O50_4,129,8,0.06201550387596899,3,0,0,0.023255813953488372,0.0,0.0,130,8,0.06153846153846154,3,0,0,0.023076923076923078,0.0,0.0,411.3029530000003,274.2073440000003,0.6666797357032351,303.164,65,4.664061538461539,663af3576597e4bfc82d3a4a28767d0d007bba5bc57790ca6cbea3de5be4a0ad,7742f46ba78ed9fa88c087d5ec69553ce3988bd974cf12b77459f3fa28b99e2d,150001,a65a76eb6d54f4b59aa3ca736b5424650f0aa6c434ba0ec6d30da0da4a2411bb,5f12f5f09f9c95df3a01c0d8cb917d905554aa73fc1a58800a4bc19735d82814,84f6c3f23ef7619583c8c4b759f99ccb1caed10935e25a720d8dcb16ed35288d,4c735ac2e2ff31c604f34d55ea77fe50f29c9d5ffa42704d0e6e197ba78c6a03,842e892630d1b642c48c707f23b7457525895b482fccb047e6863570f53077b9,15.304933,/tmp/buckeye_slicer_O50_4_tqq5pl36
s16,s1601a,O25_4,130,8,0.06153846153846154,3,1,0,0.023076923076923078,0.007692307692307693,0.0,132,8,0.06060606060606061,3,1,0,0.022727272727272728,0.007575757575757576,0.0,411.3029530000003,278.1378340000002,0.6762359277298942,308.19600000000014,66,4.669636363636366,5c718a3fdc193cf92e8babe55085d9a6c49c09e1bb11c69c0d3e71192acf39c2,7742f46ba78ed9fa88c087d5ec69553ce3988bd974cf12b77459f3fa28b99e2d,150001,4379629f1feff55a2d06f99a7f32df69b58f48cb0dc9f056af863c9d81bacae5,b04674e45258b92a518917e9c69355723e2b053b43cc48719f4c35af1d43327c,279e0175c62189a114afca26dd335a89f7bbe87b0c12d8970f78acdb5f0eca4e,51d68b422056f562eddd622bc46c0c51baf748972b9ae0923a85e4e5443f8680,ce8cb2d7b1a5776c360fbc60ed47b721503fffc67bc04806ee7eb554442b74ee,15.255736,/tmp/buckeye_slicer_O25_4_43paxuxp
s16,s1601a,O0_4,124,10,0.08064516129032258,5,1,0,0.04032258064516129,0.008064516129032258,0.0,126,11,0.0873015873015873,5,1,0,0.03968253968253968,0.007936507936507936,0.0,411.3029530000003,267.01683400000036,0.649197463943324,295.54799999999994,63,4.691238095238094,87130029b5443647ed1f1febd32ab768bf957a0a1698217eb3cf14b2d00c6ecf,7742f46ba78ed9fa88c087d5ec69553ce3988bd974cf12b77459f3fa28b99e2d,150001,fdf56a7dd78827e76608c052d4dd9fb9b585d3a2f31b47bc3aa91711b549f722,8004f642eee82c9238c7efd9629f3e2735e0206e7f9bfbc1d23a0c6dc4c2c434,834f519c55ecb1d859ea7f0d4c4651970a016c8ef48350d61dfe9eb6ecf09ebf,2fdd54fe123d54e136ba3f7bd6cf43d79e75c71f854280f320b457d8cab2365e,8318f696508e1cf183f78d6baff3d6c15e4e85a9b26e918ae7bc25014db7ead3,15.425323,/tmp/buckeye_slicer_O0_4_4wvele0n
s22,s2201a,A_O50_8,48,13,0.2708333333333333,7,0,0,0.14583333333333334,0.0,0.0,48,13,0.2708333333333333,7,0,0,0.14583333333333334,0.0,0.0,323.9832690000002,90.14738600000018,0.27824704120755117,104.92800000000014,24,4.372000000000006,72ea8093df3fb11222b7291a784e2272246d6349ad6d5da63900e79412997498,7742f46ba78ed9fa88c087d5ec69553ce3988bd974cf12b77459f3fa28b99e2d,75139,1224add14d577df56f36bc6c33cee7e517e46845798c04764bbb07683fce65d8,6be5510f09b1f9754cfb2789dba0ccb8751556757ea291f3ef95b28f9da9bd7e,70d816d4a7da76734d3c51b5034bd96ab285d271350c7608e3acadc2e6a08cab,007af1db9173451e89fa3b5e2ab7bbaab93149827a28b102d9052532f95828fb,02a05a1bf220948080a05645a78b0f7f884500a3fa6830b3d7cba42e89962caf,9.00361,/tmp/buckeye_slicer_A_O50_8_br87o4zl
s22,s2201a,D_O0_8,46,12,0.2608695652173913,5,0,0,0.10869565217391304,0.0,0.0,46,12,0.2608695652173913,5,0,0,0.10869565217391304,0.0,0.0,323.9832690000002,84.44630300000009,0.26065019734090045,98.22400000000029,23,4.270608695652187,b35b56fbf50e01487bef7f59ef870fe839ea7b8d3f84afb9014d7c5503a3e4dc,7742f46ba78ed9fa88c087d5ec69553ce3988bd974cf12b77459f3fa28b99e2d,75139,ea5ecb2d26486e03b6170898979109cf859ef956d6cd85dd52fa1ad9629197ed,81bf13ca844c1380cd198feff529a950a52f4dd04c3311293c25bf90ac6683c4,f6ace0aea96e4c32e647b39eff00608e1a2652870b663f8ef6577267dafeba48,6092ea92d0448a12a7b7c99b222c0f00c7d03de080d8a60c0db5c3cd3efb8603,359fd7718007e4ca8bbff5bcf7db8b6330c31550de4e0aa8cf4bbd8b4b064942,8.185773,/tmp/buckeye_slicer_D_O0_8_eh8812f_
s22,s2201a,O75_8,48,12,0.25,3,0,0,0.0625,0.0,0.0,48,12,0.25,3,0,0,0.0625,0.0,0.0,323.9832690000002,90.79062700000026,0.28023245546053244,105.48000000000013,24,4.395000000000006,fb0d6f897d9dcf0b7e0660df48ca28e01a7ed3c98bca74d8793f14eba515dc41,7742f46ba78ed9fa88c087d5ec69553ce3988bd974cf12b77459f3fa28b99e2d,75139,e570b4236e9c19a4d63f3efa476d39558986a2c1cb82abd8482ef7002909d0f4,1d45d9ea84537b40a834807a40c91456dfc3d6f71f2092a178fb584bfad82fd2,6eb929e473329da6a924dd330c46c150f998e7ee0e8e6a99dbb49e68a85b33bc,645d3d2cf7e5a536c4b8ffa6297beedd787be1cc6b98458b0713d0b9a0a1edcd,1956e8bdf840e201c4c0d1f9ea087305f102f9aab424993aee17041bd7f717c4,7.9594,/tmp/buckeye_slicer_O75_8_m3zvsxkq
s22,s2201a,O25_8,48,13,0.2708333333333333,6,0,0,0.125,0.0,0.0,48,13,0.2708333333333333,6,0,0,0.125,0.0,0.0,323.9832690000002,90.14914200000014,0.27825246124052194,104.73599999999999,24,4.364,f3dacc6d02c6a2fd8381c8a61319b8af6361c86e0ac1d1b5ebaf6e1d7b96eaec,7742f46ba78ed9fa88c087d5ec69553ce3988bd974cf12b77459f3fa28b99e2d,75139,81f1db306c0de0e545a4919b96712207b90bb7259344a81d127fa9f3a2089553,cde83481cbbe2b1f5fdba61b9df371951ce46221411c89b8a9651ad387b867b4,79abca22e7187f132154ecc34f9c6222d4c2ad452ce82b9d70091833ecdc9cde,0549526cce19f545ae343768d7d296dacaa2716f1b8358515810f9fcf2aa6e68,44d4bdd236ce329465ffc703ecbfb5aa448a694ee996671512e3c536a4767819,8.028537,/tmp/buckeye_slicer_O25_8_ze06sszb
s22,s2201a,O50_4,50,13,0.26,6,0,0,0.12,0.0,0.0,50,13,0.26,6,0,0,0.12,0.0,0.0,323.9832690000002,93.03122800000003,0.28714824776954756,108.37999999999988,25,4.335199999999995,663af3576597e4bfc82d3a4a28767d0d007bba5bc57790ca6cbea3de5be4a0ad,7742f46ba78ed9fa88c087d5ec69553ce3988bd974cf12b77459f3fa28b99e2d,150278,650004a53a2cdd7e589ce79affd217c952226edb08eae16cc8417587443a3d97,993831c19c6f3ca3013bf8eb22256876b8936bfceded59140e233db261cb5141,bf4ce2087556bc780a7b433751cd44c2cff721c356fce2fb023660a3ff859b7f,7a1f4effdd1dd2d7c2226c7f72ba3cb6d3fc9ddb0741835eb8a9cd3acddabfeb,d41ff24e8c27ac728801ced9a4550f4ee2072a2a7541f420b1e1318c25ddd91e,16.08212,/tmp/buckeye_slicer_O50_4_jt7mbge7
s22,s2201a,O25_4,50,12,0.24,5,0,0,0.1,0.0,0.0,50,12,0.24,5,0,0,0.1,0.0,0.0,323.9832690000002,93.03703900000009,0.2871661838809338,108.13999999999993,25,4.325599999999997,5c718a3fdc193cf92e8babe55085d9a6c49c09e1bb11c69c0d3e71192acf39c2,7742f46ba78ed9fa88c087d5ec69553ce3988bd974cf12b77459f3fa28b99e2d,150278,01f3872c3ac219c0341ba001b5518855d8f46066d6b9210ca37ba10f5293c373,5cad0e4bd3158dc9cd16b8bc8bca2104d57c51572e4d2399b7880402f532b87e,c59085b4ac31ed23eff4fd0e846a6aea949857f0ca99d99e6dd8c5fe00608928,b3bc91c00fc513cccddb699d1b72f821762b856181a71d8a46227d97cde69641,a4735b31474cc100b7622b39b7401f94e8d99e437d20f729d03f1a4e4d242636,16.010048,/tmp/buckeye_slicer_O25_4_d7d4y1il
s22,s2201a,O0_4,50,11,0.22,5,0,0,0.1,0.0,0.0,50,11,0.22,5,0,0,0.1,0.0,0.0,323.9832690000002,90.38155900000012,0.2789698347046436,104.86000000000034,25,4.194400000000013,87130029b5443647ed1f1febd32ab768bf957a0a1698217eb3cf14b2d00c6ecf,7742f46ba78ed9fa88c087d5ec69553ce3988bd974cf12b77459f3fa28b99e2d,150278,0ce061090530239770edf792f95f853bc9f1f3e58b0b9a9bb114d0c6d07c643a,9c5a4d8109a4551d91a364e053ff0ebd6fa7fc93116be92f0b56f171adff8889,e8e1356e266f6b0aec4d494e7815e79eff50fd33555c63fbd11937996f006a2d,9961894719866e44f4dd6e6efc96602899f314d1ff114ed10aa81476a564ef55,6c4b1831fe8c2fd13c5e07fa75cde6bbc94d458784330b8939da412c0525abd0,15.722162,/tmp/buckeye_slicer_O0_4_pmmv1w07
s24,s2401b,A_O50_8,62,5,0.08064516129032258,3,0,0,0.04838709677419355,0.0,0.0,62,5,0.08064516129032258,3,0,0,0.04838709677419355,0.0,0.0,255.15574200000026,120.9899500000002,0.47418078484786785,132.93599999999986,31,4.288258064516125,72ea8093df3fb11222b7291a784e2272246d6349ad6d5da63900e79412997498,7742f46ba78ed9fa88c087d5ec69553ce3988bd974cf12b77459f3fa28b99e2d,71353,f75cee05cd7bc190cf1478d2193ef86d6b556a8c15f27b274ba90581164707ec,7106044d25cbc7d690b10e0a585b4f6a6b0831ce439b39d41e37fff805ee3504,5cb22e54be665b5bde25e4bd6fb0eff4046b73e8b62f34109bbd22546bee6673,05d50c8b0288bfba456696365c45c1e6a8eabf94615197f586fda7fedd194431,a5c2b6a32b0e4587e65f3e761159b86477a7bd267b35569f57ea4f9c148f2d15,7.2813,/tmp/buckeye_slicer_A_O50_8_kkwwimyo
s24,s2401b,D_O0_8,56,4,0.07142857142857142,2,0,0,0.03571428571428571,0.0,0.0,56,4,0.07142857142857142,2,0,0,0.03571428571428571,0.0,0.0,255.15574200000026,110.75451600000018,0.43406632800762157,122.68800000000007,28,4.381714285714288,b35b56fbf50e01487bef7f59ef870fe839ea7b8d3f84afb9014d7c5503a3e4dc,7742f46ba78ed9fa88c087d5ec69553ce3988bd974cf12b77459f3fa28b99e2d,71353,f970808290dc406b4d4a8fa193fc38a50b1bc8b35daf7a90935b81426eba8da0,58fc2841b3711e9cb215817a03048f17cff468754f0bd4db3bb7aba22c3ab47a,1fcb4e93207e6a9a13690a70d8c8f91839a94fd08769e08c0da11fdab01c5155,e04cff2d2092286f615fbe8200de11b7b2a0e22cb891de8ab2b7f51af8ccb388,1d9fd485512e329faa4ac3d6e6d0dc9508554b391bd1166d883e0dde9b4a1f78,7.111143,/tmp/buckeye_slicer_D_O0_8_z529klp1
s24,s2401b,O75_8,62,6,0.0967741935483871,1,0,0,0.016129032258064516,0.0,0.0,62,6,0.0967741935483871,1,0,0,0.016129032258064516,0.0,0.0,255.15574200000026,121.02016600000017,0.47429920663905756,133.52000000000004,31,4.30709677419355,fb0d6f897d9dcf0b7e0660df48ca28e01a7ed3c98bca74d8793f14eba515dc41,7742f46ba78ed9fa88c087d5ec69553ce3988bd974cf12b77459f3fa28b99e2d,71353,ba45d3a1850ff681ef603ff8ab319c0900e6be423d0b06f2f9febdb8ba7151a9,8f0e8392925dd2266fb491134544030522f000d39cb3e1d7d4a92c876ecd23c8,0428f2ca9ddc24ac4c0d8f1fa10376a159a01d5bd8ee5639a99e304f488b778a,177ce1328c7fc5b4559331b79793af14636cdb38a5668766c150fd6d1f20abbd,df4513ddabca6a23e5604f94706932e7bc1cc82662bd4e04723d8200135ae362,7.07198,/tmp/buckeye_slicer_O75_8_rhagipnj
s24,s2401b,O25_8,62,4,0.06451612903225806,2,0,0,0.03225806451612903,0.0,0.0,62,4,0.06451612903225806,2,0,0,0.03225806451612903,0.0,0.0,255.15574200000026,121.0338240000002,0.4743527347309318,133.63199999999992,31,4.310709677419352,f3dacc6d02c6a2fd8381c8a61319b8af6361c86e0ac1d1b5ebaf6e1d7b96eaec,7742f46ba78ed9fa88c087d5ec69553ce3988bd974cf12b77459f3fa28b99e2d,71353,8a2dbe551e3c5b5f455b8fbfac7ace3c03227d46af05da6205a821f0afc1f8de,435375c222afd62b1ff05f82a93deb15224e31fad84bdee94f83daebf4dbc065,ee687bc4f54fab1e8ac28d70d1869910cf8fb0234774278c59307ee36b0ec576,e5aed46ba89eb5c3d8555511176bbaa1c60c39db811e82c62554ff9f2c648543,653f7610b80af470a5a6d6aad13f6d01efb9327aa0b14c812aea53d31794fd28,7.026056,/tmp/buckeye_slicer_O25_8_3nyhyh31
s24,s2401b,O50_4,64,5,0.078125,4,0,0,0.0625,0.0,0.0,64,5,0.078125,4,0,0,0.0625,0.0,0.0,255.15574200000026,124.13443800000012,0.48650458354176485,136.87999999999994,32,4.277499999999998,663af3576597e4bfc82d3a4a28767d0d007bba5bc57790ca6cbea3de5be4a0ad,7742f46ba78ed9fa88c087d5ec69553ce3988bd974cf12b77459f3fa28b99e2d,142705,b144e8518461d652a8e09b647d610111d5d8ed5af4390a5e6c2bbc1f76cf85e3,ab0d84d59ca0f72fdd8b706583d5ee4b196acf1e5b0996fa84e94a594591e9e6,2bf1167865be4f0d53b1f3224bf2f1ae6fe68ea566d8f5dc8f392acf5a8ddc13,57ba5930c20b0ac3233f31ddd95daada6d731f7285da13ad0311f1be4ad1b2aa,36ebe12921a785a453f0cddfab3233fe7b1391161008ec0ea382622e38a921c7,14.124781,/tmp/buckeye_slicer_O50_4_ujqd47m1
s24,s2401b,O25_4,64,6,0.09375,2,0,0,0.03125,0.0,0.0,64,6,0.09375,2,0,0,0.03125,0.0,0.0,255.15574200000026,124.20065400000009,0.48676409563222744,137.49999999999991,32,4.296874999999997,5c718a3fdc193cf92e8babe55085d9a6c49c09e1bb11c69c0d3e71192acf39c2,7742f46ba78ed9fa88c087d5ec69553ce3988bd974cf12b77459f3fa28b99e2d,142705,0eaa155ae96403d491633ad8726942319f0f4e3d0ca99c624a541e4ed1a11d53,91d5466284a231bcc9db5be27e1b9caa304b95d360c77f5e9b7c3cb95e46697a,e067be00a6c118c5fcb338d5f8d4fb2f4d0da6638e08c7c5510121ebe9452dbf,c18dfb4e4998e2462c1be07dd735d2e649a387d083735841f920f2d2466c063d,c5bbfe8422b5269bec09d2df2b422abc1ebec1aebc37f7b568e193efbce63bd0,14.255726,/tmp/buckeye_slicer_O25_4_nlvaw6gi
s24,s2401b,O0_4,64,4,0.0625,3,0,0,0.046875,0.0,0.0,64,4,0.0625,3,0,0,0.046875,0.0,0.0,255.15574200000026,124.16631200000013,0.4866295033250712,137.33599999999973,32,4.2917499999999915,87130029b5443647ed1f1febd32ab768bf957a0a1698217eb3cf14b2d00c6ecf,7742f46ba78ed9fa88c087d5ec69553ce3988bd974cf12b77459f3fa28b99e2d,142705,0dce2d458ff601f38e4dc487936f61e08548639d10c8a1d7f09690dd1bda3d17,ca61bdb2a60387bedff20951954a6ecc69e59229a58e673220cac57e5b1a85b7,3f227c1846343c12e801ae09797275353a3a6123405757aef6836333917d67bd,5dd10fbaac0856b87213c68127860dd69c68040678413b2495cc02efb90b2c5d,29a9718da0787e7a06c419e78612d1407dc4cdd632fa31370d416365b4dac3f7,14.155139,/tmp/buckeye_slicer_O0_4_2gsb18sp
